"g.group","allele"
"A*01:01","A*01:481"
"A*01:01","A*01:476Q"
"A*01:01","A*01:473Q"
"A*01:01","A*01:472"
"A*01:01","A*01:471"
"A*01:01","A*01:468"
"A*01:01","A*01:467"
"A*01:01","A*01:461"
"A*01:01","A*01:460"
"A*01:01","A*01:456"
"A*01:01","A*01:446"
"A*01:01","A*01:445"
"A*01:01","A*01:444"
"A*01:01","A*01:443"
"A*01:01","A*01:441"
"A*01:01","A*01:440"
"A*01:01","A*01:436Q"
"A*01:01","A*01:433N"
"A*01:01","A*01:426"
"A*01:01","A*01:422"
"A*01:01","A*01:421N"
"A*01:01","A*01:419"
"A*01:01","A*01:415"
"A*01:01","A*01:411N"
"A*01:01","A*01:410"
"A*01:01","A*01:409"
"A*01:01","A*01:407"
"A*01:01","A*01:406"
"A*01:01","A*01:404"
"A*01:01","A*01:392"
"A*01:01","A*01:389"
"A*01:01","A*01:388"
"A*01:01","A*01:387"
"A*01:01","A*01:386"
"A*01:01","A*01:385"
"A*01:01","A*01:383"
"A*01:01","A*01:379N"
"A*01:01","A*01:378"
"A*01:01","A*01:377"
"A*01:01","A*01:372"
"A*01:01","A*01:371"
"A*01:01","A*01:370"
"A*01:01","A*01:368"
"A*01:01","A*01:367"
"A*01:01","A*01:358"
"A*01:01","A*01:357"
"A*01:01","A*01:356"
"A*01:01","A*01:353"
"A*01:01","A*01:351"
"A*01:01","A*01:349"
"A*01:01","A*01:347"
"A*01:01","A*01:346"
"A*01:01","A*01:332"
"A*01:01","A*01:331"
"A*01:01","A*01:328N"
"A*01:01","A*01:325"
"A*01:01","A*01:324"
"A*01:01","A*01:323"
"A*01:01","A*01:319"
"A*01:01","A*01:317"
"A*01:01","A*01:316"
"A*01:01","A*01:309"
"A*01:01","A*01:306"
"A*01:01","A*01:305"
"A*01:01","A*01:300"
"A*01:01","A*01:297"
"A*01:01","A*01:296"
"A*01:01","A*01:295"
"A*01:01","A*01:291"
"A*01:01","A*01:288"
"A*01:01","A*01:281Q"
"A*01:01","A*01:280"
"A*01:01","A*01:277"
"A*01:01","A*01:276"
"A*01:01","A*01:274"
"A*01:01","A*01:261"
"A*01:01","A*01:253"
"A*01:01","A*01:252"
"A*01:01","A*01:251"
"A*01:01","A*01:249"
"A*01:01","A*01:248Q"
"A*01:01","A*01:246"
"A*01:01","A*01:237"
"A*01:01","A*01:234"
"A*01:01","A*01:217"
"A*01:01","A*01:212"
"A*01:01","A*01:177"
"A*01:01","A*01:155"
"A*01:01","A*01:142"
"A*01:01","A*01:141"
"A*01:01","A*01:132"
"A*01:01","A*01:109"
"A*01:01","A*01:107"
"A*01:01","A*01:103"
"A*01:01","A*01:87N"
"A*01:01","A*01:81"
"A*01:01","A*01:56N"
"A*01:01","A*01:45"
"A*01:01","A*01:37"
"A*01:01","A*01:32"
"A*01:01","A*01:22N"
"A*01:01","A*01:04"
"A*01:01","A*01:01"
"A*01:02","A*01:420N"
"A*01:02","A*01:412"
"A*01:02","A*01:02"
"A*01:03","A*01:315"
"A*01:03","A*01:287N"
"A*01:03","A*01:03"
"A*01:09","A*01:09"
"A*01:23","A*01:23"
"A*01:380","A*01:380"
"A*02:01","A*02:1240"
"A*02:01","A*02:1230"
"A*02:01","A*02:1227"
"A*02:01","A*02:1223"
"A*02:01","A*02:1219N"
"A*02:01","A*02:1208N"
"A*02:01","A*02:1207"
"A*02:01","A*02:1198"
"A*02:01","A*02:1197"
"A*02:01","A*02:1196"
"A*02:01","A*02:1195N"
"A*02:01","A*02:1193"
"A*02:01","A*02:1189"
"A*02:01","A*02:1186"
"A*02:01","A*02:1180"
"A*02:01","A*02:1177N"
"A*02:01","A*02:1174"
"A*02:01","A*02:1173"
"A*02:01","A*02:1166"
"A*02:01","A*02:1151"
"A*02:01","A*02:1149"
"A*02:01","A*02:1146"
"A*02:01","A*02:1141"
"A*02:01","A*02:1137"
"A*02:01","A*02:1134"
"A*02:01","A*02:1133"
"A*02:01","A*02:1125"
"A*02:01","A*02:1124"
"A*02:01","A*02:1120"
"A*02:01","A*02:1115"
"A*02:01","A*02:1111"
"A*02:01","A*02:1103"
"A*02:01","A*02:1102"
"A*02:01","A*02:1093"
"A*02:01","A*02:1089"
"A*02:01","A*02:1080"
"A*02:01","A*02:1078N"
"A*02:01","A*02:1073"
"A*02:01","A*02:1069"
"A*02:01","A*02:1061N"
"A*02:01","A*02:1055N"
"A*02:01","A*02:1053N"
"A*02:01","A*02:1049"
"A*02:01","A*02:1047"
"A*02:01","A*02:1043"
"A*02:01","A*02:1040"
"A*02:01","A*02:1036"
"A*02:01","A*02:1035"
"A*02:01","A*02:1034"
"A*02:01","A*02:1013"
"A*02:01","A*02:1012"
"A*02:01","A*02:1011Q"
"A*02:01","A*02:1009"
"A*02:01","A*02:1008"
"A*02:01","A*02:1007Q"
"A*02:01","A*02:1006N"
"A*02:01","A*02:1005"
"A*02:01","A*02:995"
"A*02:01","A*02:989N"
"A*02:01","A*02:987"
"A*02:01","A*02:983"
"A*02:01","A*02:978"
"A*02:01","A*02:975"
"A*02:01","A*02:974"
"A*02:01","A*02:970"
"A*02:01","A*02:969"
"A*02:01","A*02:957"
"A*02:01","A*02:956"
"A*02:01","A*02:950"
"A*02:01","A*02:942"
"A*02:01","A*02:939"
"A*02:01","A*02:930"
"A*02:01","A*02:928"
"A*02:01","A*02:919"
"A*02:01","A*02:917"
"A*02:01","A*02:916"
"A*02:01","A*02:915N"
"A*02:01","A*02:899"
"A*02:01","A*02:896N"
"A*02:01","A*02:894"
"A*02:01","A*02:884"
"A*02:01","A*02:875"
"A*02:01","A*02:874"
"A*02:01","A*02:871N"
"A*02:01","A*02:870"
"A*02:01","A*02:869"
"A*02:01","A*02:868"
"A*02:01","A*02:866"
"A*02:01","A*02:865"
"A*02:01","A*02:864"
"A*02:01","A*02:862"
"A*02:01","A*02:857"
"A*02:01","A*02:853"
"A*02:01","A*02:852"
"A*02:01","A*02:846"
"A*02:01","A*02:844"
"A*02:01","A*02:839"
"A*02:01","A*02:836"
"A*02:01","A*02:834"
"A*02:01","A*02:832N"
"A*02:01","A*02:830"
"A*02:01","A*02:825"
"A*02:01","A*02:824"
"A*02:01","A*02:823"
"A*02:01","A*02:820"
"A*02:01","A*02:819"
"A*02:01","A*02:812"
"A*02:01","A*02:810"
"A*02:01","A*02:795Q"
"A*02:01","A*02:794"
"A*02:01","A*02:793N"
"A*02:01","A*02:792N"
"A*02:01","A*02:786"
"A*02:01","A*02:779"
"A*02:01","A*02:776"
"A*02:01","A*02:765"
"A*02:01","A*02:763"
"A*02:01","A*02:762"
"A*02:01","A*02:761"
"A*02:01","A*02:755"
"A*02:01","A*02:753"
"A*02:01","A*02:744"
"A*02:01","A*02:742"
"A*02:01","A*02:740"
"A*02:01","A*02:739"
"A*02:01","A*02:726"
"A*02:01","A*02:724"
"A*02:01","A*02:722"
"A*02:01","A*02:720"
"A*02:01","A*02:719"
"A*02:01","A*02:716"
"A*02:01","A*02:704"
"A*02:01","A*02:692"
"A*02:01","A*02:691N"
"A*02:01","A*02:690"
"A*02:01","A*02:689"
"A*02:01","A*02:687"
"A*02:01","A*02:686"
"A*02:01","A*02:685"
"A*02:01","A*02:675N"
"A*02:01","A*02:665"
"A*02:01","A*02:642"
"A*02:01","A*02:629"
"A*02:01","A*02:614"
"A*02:01","A*02:608N"
"A*02:01","A*02:607"
"A*02:01","A*02:559"
"A*02:01","A*02:538"
"A*02:01","A*02:481"
"A*02:01","A*02:469"
"A*02:01","A*02:455"
"A*02:01","A*02:446"
"A*02:01","A*02:411"
"A*02:01","A*02:397"
"A*02:01","A*02:357"
"A*02:01","A*02:356N"
"A*02:01","A*02:329"
"A*02:01","A*02:327"
"A*02:01","A*02:305N"
"A*02:01","A*02:294"
"A*02:01","A*02:291"
"A*02:01","A*02:266"
"A*02:01","A*02:256"
"A*02:01","A*02:252"
"A*02:01","A*02:241"
"A*02:01","A*02:140"
"A*02:01","A*02:134"
"A*02:01","A*02:132"
"A*02:01","A*02:97"
"A*02:01","A*02:89"
"A*02:01","A*02:83N"
"A*02:01","A*02:75"
"A*02:01","A*02:66"
"A*02:01","A*02:43N"
"A*02:01","A*02:09"
"A*02:01","A*02:01"
"A*02:02","A*02:1260"
"A*02:02","A*02:1168"
"A*02:02","A*02:1136"
"A*02:02","A*02:967"
"A*02:02","A*02:925"
"A*02:02","A*02:867"
"A*02:02","A*02:717"
"A*02:02","A*02:02"
"A*02:03","A*02:1144"
"A*02:03","A*02:1071"
"A*02:03","A*02:1068Q"
"A*02:03","A*02:976"
"A*02:03","A*02:971"
"A*02:03","A*02:684"
"A*02:03","A*02:557"
"A*02:03","A*02:505"
"A*02:03","A*02:480"
"A*02:03","A*02:370"
"A*02:03","A*02:264"
"A*02:03","A*02:253"
"A*02:03","A*02:03"
"A*02:04","A*02:710N"
"A*02:04","A*02:664"
"A*02:04","A*02:04"
"A*02:05","A*02:1140"
"A*02:05","A*02:1123"
"A*02:05","A*02:1086"
"A*02:05","A*02:1048"
"A*02:05","A*02:951"
"A*02:05","A*02:922"
"A*02:05","A*02:791N"
"A*02:05","A*02:324"
"A*02:05","A*02:179"
"A*02:05","A*02:05"
"A*02:06","A*02:1221Q"
"A*02:06","A*02:1213"
"A*02:06","A*02:1150N"
"A*02:06","A*02:1139"
"A*02:06","A*02:1131"
"A*02:06","A*02:1088"
"A*02:06","A*02:936N"
"A*02:06","A*02:898"
"A*02:06","A*02:888"
"A*02:06","A*02:878"
"A*02:06","A*02:863"
"A*02:06","A*02:851"
"A*02:06","A*02:768"
"A*02:06","A*02:767"
"A*02:06","A*02:760N"
"A*02:06","A*02:759"
"A*02:06","A*02:737"
"A*02:06","A*02:718"
"A*02:06","A*02:625"
"A*02:06","A*02:506N"
"A*02:06","A*02:428"
"A*02:06","A*02:126"
"A*02:06","A*02:06"
"A*02:07","A*02:1229"
"A*02:07","A*02:1205"
"A*02:07","A*02:1178"
"A*02:07","A*02:1167"
"A*02:07","A*02:1128"
"A*02:07","A*02:1101"
"A*02:07","A*02:1075"
"A*02:07","A*02:1067"
"A*02:07","A*02:981"
"A*02:07","A*02:973"
"A*02:07","A*02:935"
"A*02:07","A*02:924"
"A*02:07","A*02:822"
"A*02:07","A*02:452"
"A*02:07","A*02:426"
"A*02:07","A*02:265"
"A*02:07","A*02:15N"
"A*02:07","A*02:07"
"A*02:10","A*02:453"
"A*02:10","A*02:10"
"A*02:11","A*02:1182"
"A*02:11","A*02:940"
"A*02:11","A*02:926"
"A*02:11","A*02:893"
"A*02:11","A*02:821"
"A*02:11","A*02:751"
"A*02:11","A*02:69"
"A*02:11","A*02:11"
"A*02:14","A*02:818"
"A*02:14","A*02:14"
"A*02:16","A*02:131"
"A*02:16","A*02:16"
"A*02:17","A*02:17"
"A*02:20","A*02:1001"
"A*02:20","A*02:20"
"A*02:22","A*02:929"
"A*02:22","A*02:104"
"A*02:22","A*02:22"
"A*02:29","A*02:780"
"A*02:29","A*02:29"
"A*02:49","A*02:683"
"A*02:49","A*02:49"
"A*02:60","A*02:60"
"A*02:81","A*02:124"
"A*02:81","A*02:81"
"A*02:136","A*02:1129"
"A*02:136","A*02:136"
"A*03:01","A*03:528N"
"A*03:01","A*03:512"
"A*03:01","A*03:509"
"A*03:01","A*03:503"
"A*03:01","A*03:500"
"A*03:01","A*03:491"
"A*03:01","A*03:489"
"A*03:01","A*03:488"
"A*03:01","A*03:487"
"A*03:01","A*03:484"
"A*03:01","A*03:480"
"A*03:01","A*03:478"
"A*03:01","A*03:476"
"A*03:01","A*03:474"
"A*03:01","A*03:471"
"A*03:01","A*03:462"
"A*03:01","A*03:454"
"A*03:01","A*03:446"
"A*03:01","A*03:444"
"A*03:01","A*03:441"
"A*03:01","A*03:440"
"A*03:01","A*03:439"
"A*03:01","A*03:437Q"
"A*03:01","A*03:434"
"A*03:01","A*03:426"
"A*03:01","A*03:425"
"A*03:01","A*03:424"
"A*03:01","A*03:423"
"A*03:01","A*03:421"
"A*03:01","A*03:420"
"A*03:01","A*03:419"
"A*03:01","A*03:415"
"A*03:01","A*03:411"
"A*03:01","A*03:410"
"A*03:01","A*03:401"
"A*03:01","A*03:399"
"A*03:01","A*03:393"
"A*03:01","A*03:392"
"A*03:01","A*03:391"
"A*03:01","A*03:387"
"A*03:01","A*03:386"
"A*03:01","A*03:375"
"A*03:01","A*03:374N"
"A*03:01","A*03:372"
"A*03:01","A*03:370"
"A*03:01","A*03:368"
"A*03:01","A*03:367"
"A*03:01","A*03:363"
"A*03:01","A*03:362"
"A*03:01","A*03:361"
"A*03:01","A*03:360"
"A*03:01","A*03:359"
"A*03:01","A*03:358"
"A*03:01","A*03:355"
"A*03:01","A*03:352"
"A*03:01","A*03:351"
"A*03:01","A*03:350"
"A*03:01","A*03:349"
"A*03:01","A*03:346"
"A*03:01","A*03:344"
"A*03:01","A*03:340"
"A*03:01","A*03:339"
"A*03:01","A*03:338"
"A*03:01","A*03:336N"
"A*03:01","A*03:316"
"A*03:01","A*03:315"
"A*03:01","A*03:313"
"A*03:01","A*03:312"
"A*03:01","A*03:304"
"A*03:01","A*03:302"
"A*03:01","A*03:301"
"A*03:01","A*03:293"
"A*03:01","A*03:292"
"A*03:01","A*03:291"
"A*03:01","A*03:279N"
"A*03:01","A*03:220"
"A*03:01","A*03:182"
"A*03:01","A*03:162N"
"A*03:01","A*03:134"
"A*03:01","A*03:132"
"A*03:01","A*03:129N"
"A*03:01","A*03:118"
"A*03:01","A*03:112"
"A*03:01","A*03:78"
"A*03:01","A*03:45"
"A*03:01","A*03:37"
"A*03:01","A*03:26"
"A*03:01","A*03:21N"
"A*03:01","A*03:20"
"A*03:01","A*03:01"
"A*03:02","A*03:502"
"A*03:02","A*03:477"
"A*03:02","A*03:473"
"A*03:02","A*03:458Q"
"A*03:02","A*03:333"
"A*03:02","A*03:318"
"A*03:02","A*03:314"
"A*03:02","A*03:242"
"A*03:02","A*03:218"
"A*03:02","A*03:02"
"A*03:04","A*03:345"
"A*03:04","A*03:04"
"A*03:07","A*03:07"
"A*03:08","A*03:08"
"A*03:56","A*03:56"
"A*03:62","A*03:62"
"A*11:01","A*11:500"
"A*11:01","A*11:499"
"A*11:01","A*11:495"
"A*11:01","A*11:493"
"A*11:01","A*11:492N"
"A*11:01","A*11:489"
"A*11:01","A*11:487"
"A*11:01","A*11:482"
"A*11:01","A*11:481"
"A*11:01","A*11:472"
"A*11:01","A*11:462"
"A*11:01","A*11:458"
"A*11:01","A*11:454"
"A*11:01","A*11:453"
"A*11:01","A*11:452N"
"A*11:01","A*11:451"
"A*11:01","A*11:448"
"A*11:01","A*11:447Q"
"A*11:01","A*11:444"
"A*11:01","A*11:437"
"A*11:01","A*11:430"
"A*11:01","A*11:427"
"A*11:01","A*11:425"
"A*11:01","A*11:422"
"A*11:01","A*11:420"
"A*11:01","A*11:419"
"A*11:01","A*11:417N"
"A*11:01","A*11:407N"
"A*11:01","A*11:406"
"A*11:01","A*11:402"
"A*11:01","A*11:398"
"A*11:01","A*11:394"
"A*11:01","A*11:393"
"A*11:01","A*11:391"
"A*11:01","A*11:388N"
"A*11:01","A*11:383N"
"A*11:01","A*11:382N"
"A*11:01","A*11:371"
"A*11:01","A*11:369"
"A*11:01","A*11:365N"
"A*11:01","A*11:363"
"A*11:01","A*11:353"
"A*11:01","A*11:349"
"A*11:01","A*11:347N"
"A*11:01","A*11:343"
"A*11:01","A*11:339"
"A*11:01","A*11:338"
"A*11:01","A*11:335"
"A*11:01","A*11:333"
"A*11:01","A*11:332"
"A*11:01","A*11:329"
"A*11:01","A*11:328"
"A*11:01","A*11:324"
"A*11:01","A*11:322"
"A*11:01","A*11:320"
"A*11:01","A*11:317"
"A*11:01","A*11:316"
"A*11:01","A*11:313Q"
"A*11:01","A*11:311"
"A*11:01","A*11:306"
"A*11:01","A*11:303"
"A*11:01","A*11:295"
"A*11:01","A*11:292"
"A*11:01","A*11:280"
"A*11:01","A*11:279"
"A*11:01","A*11:278"
"A*11:01","A*11:274"
"A*11:01","A*11:270"
"A*11:01","A*11:263"
"A*11:01","A*11:210N"
"A*11:01","A*11:194"
"A*11:01","A*11:193"
"A*11:01","A*11:174"
"A*11:01","A*11:173"
"A*11:01","A*11:172"
"A*11:01","A*11:171"
"A*11:01","A*11:163"
"A*11:01","A*11:154"
"A*11:01","A*11:142"
"A*11:01","A*11:129"
"A*11:01","A*11:126"
"A*11:01","A*11:124"
"A*11:01","A*11:120"
"A*11:01","A*11:108"
"A*11:01","A*11:102"
"A*11:01","A*11:100"
"A*11:01","A*11:86"
"A*11:01","A*11:69N"
"A*11:01","A*11:21N"
"A*11:01","A*11:01"
"A*11:02","A*11:473"
"A*11:02","A*11:438"
"A*11:02","A*11:433N"
"A*11:02","A*11:429"
"A*11:02","A*11:110"
"A*11:02","A*11:77"
"A*11:02","A*11:02"
"A*11:03","A*11:348"
"A*11:03","A*11:175"
"A*11:03","A*11:03"
"A*11:05","A*11:248"
"A*11:05","A*11:05"
"A*11:43","A*11:440"
"A*11:43","A*11:43"
"A*11:403","A*11:441"
"A*11:403","A*11:403N"
"A*23:01","A*23:152"
"A*23:01","A*23:148"
"A*23:01","A*23:146"
"A*23:01","A*23:145"
"A*23:01","A*23:144"
"A*23:01","A*23:143"
"A*23:01","A*23:140"
"A*23:01","A*23:134"
"A*23:01","A*23:133"
"A*23:01","A*23:132"
"A*23:01","A*23:125"
"A*23:01","A*23:123"
"A*23:01","A*23:121"
"A*23:01","A*23:118"
"A*23:01","A*23:117"
"A*23:01","A*23:116"
"A*23:01","A*23:115"
"A*23:01","A*23:103N"
"A*23:01","A*23:96"
"A*23:01","A*23:95"
"A*23:01","A*23:94"
"A*23:01","A*23:93"
"A*23:01","A*23:92"
"A*23:01","A*23:91N"
"A*23:01","A*23:88"
"A*23:01","A*23:87"
"A*23:01","A*23:86"
"A*23:01","A*23:85"
"A*23:01","A*23:58"
"A*23:01","A*23:20"
"A*23:01","A*23:18"
"A*23:01","A*23:17"
"A*23:01","A*23:07N"
"A*23:01","A*23:01"
"A*23:03","A*23:03"
"A*23:13","A*23:147"
"A*23:13","A*23:13"
"A*23:105","A*23:141"
"A*23:105","A*23:105"
"A*24:02","A*24:669N"
"A*24:02","A*24:660"
"A*24:02","A*24:659"
"A*24:02","A*24:658"
"A*24:02","A*24:657"
"A*24:02","A*24:650"
"A*24:02","A*24:649"
"A*24:02","A*24:646"
"A*24:02","A*24:640"
"A*24:02","A*24:639"
"A*24:02","A*24:635"
"A*24:02","A*24:634"
"A*24:02","A*24:629"
"A*24:02","A*24:617"
"A*24:02","A*24:614"
"A*24:02","A*24:602"
"A*24:02","A*24:598"
"A*24:02","A*24:596N"
"A*24:02","A*24:595"
"A*24:02","A*24:591"
"A*24:02","A*24:587"
"A*24:02","A*24:585"
"A*24:02","A*24:582"
"A*24:02","A*24:581"
"A*24:02","A*24:579"
"A*24:02","A*24:576N"
"A*24:02","A*24:575"
"A*24:02","A*24:573"
"A*24:02","A*24:568N"
"A*24:02","A*24:565"
"A*24:02","A*24:564"
"A*24:02","A*24:558"
"A*24:02","A*24:552"
"A*24:02","A*24:550"
"A*24:02","A*24:548"
"A*24:02","A*24:547"
"A*24:02","A*24:546"
"A*24:02","A*24:545"
"A*24:02","A*24:543"
"A*24:02","A*24:538"
"A*24:02","A*24:533"
"A*24:02","A*24:530"
"A*24:02","A*24:521"
"A*24:02","A*24:520"
"A*24:02","A*24:519"
"A*24:02","A*24:513Q"
"A*24:02","A*24:511"
"A*24:02","A*24:507"
"A*24:02","A*24:501"
"A*24:02","A*24:500"
"A*24:02","A*24:498"
"A*24:02","A*24:497"
"A*24:02","A*24:496"
"A*24:02","A*24:487"
"A*24:02","A*24:486"
"A*24:02","A*24:479Q"
"A*24:02","A*24:476"
"A*24:02","A*24:474"
"A*24:02","A*24:473Q"
"A*24:02","A*24:470"
"A*24:02","A*24:469"
"A*24:02","A*24:466"
"A*24:02","A*24:465"
"A*24:02","A*24:464"
"A*24:02","A*24:463"
"A*24:02","A*24:462"
"A*24:02","A*24:460"
"A*24:02","A*24:455"
"A*24:02","A*24:454"
"A*24:02","A*24:451"
"A*24:02","A*24:448N"
"A*24:02","A*24:443"
"A*24:02","A*24:442"
"A*24:02","A*24:438"
"A*24:02","A*24:437"
"A*24:02","A*24:436"
"A*24:02","A*24:431"
"A*24:02","A*24:430N"
"A*24:02","A*24:427N"
"A*24:02","A*24:423"
"A*24:02","A*24:422"
"A*24:02","A*24:419"
"A*24:02","A*24:418"
"A*24:02","A*24:417"
"A*24:02","A*24:402"
"A*24:02","A*24:401"
"A*24:02","A*24:400"
"A*24:02","A*24:388N"
"A*24:02","A*24:385"
"A*24:02","A*24:383"
"A*24:02","A*24:354"
"A*24:02","A*24:353"
"A*24:02","A*24:352"
"A*24:02","A*24:271"
"A*24:02","A*24:270"
"A*24:02","A*24:269"
"A*24:02","A*24:268"
"A*24:02","A*24:267"
"A*24:02","A*24:266"
"A*24:02","A*24:265"
"A*24:02","A*24:264"
"A*24:02","A*24:263"
"A*24:02","A*24:251"
"A*24:02","A*24:250"
"A*24:02","A*24:249"
"A*24:02","A*24:231"
"A*24:02","A*24:183N"
"A*24:02","A*24:163N"
"A*24:02","A*24:155N"
"A*24:02","A*24:154"
"A*24:02","A*24:153"
"A*24:02","A*24:150"
"A*24:02","A*24:144"
"A*24:02","A*24:83N"
"A*24:02","A*24:79"
"A*24:02","A*24:76"
"A*24:02","A*24:40N"
"A*24:02","A*24:11N"
"A*24:02","A*24:09N"
"A*24:02","A*24:02"
"A*24:03","A*24:461"
"A*24:03","A*24:441"
"A*24:03","A*24:33"
"A*24:03","A*24:03"
"A*24:05","A*24:199"
"A*24:05","A*24:05"
"A*24:07","A*24:544"
"A*24:07","A*24:510"
"A*24:07","A*24:477"
"A*24:07","A*24:457"
"A*24:07","A*24:07"
"A*24:10","A*24:495"
"A*24:10","A*24:10"
"A*24:13","A*24:13"
"A*24:14","A*24:14"
"A*24:17","A*24:17"
"A*24:20","A*24:20"
"A*24:26","A*24:314"
"A*24:26","A*24:26"
"A*24:49","A*24:49"
"A*24:121","A*24:121"
"A*24:208","A*24:208"
"A*24:515","A*24:610"
"A*24:515","A*24:515"
"A*25:01","A*25:100"
"A*25:01","A*25:94"
"A*25:01","A*25:93"
"A*25:01","A*25:92"
"A*25:01","A*25:90"
"A*25:01","A*25:85"
"A*25:01","A*25:68"
"A*25:01","A*25:63"
"A*25:01","A*25:62"
"A*25:01","A*25:60"
"A*25:01","A*25:07"
"A*25:01","A*25:01"
"A*26:01","A*26:259"
"A*26:01","A*26:256"
"A*26:01","A*26:255"
"A*26:01","A*26:254"
"A*26:01","A*26:250"
"A*26:01","A*26:249"
"A*26:01","A*26:247"
"A*26:01","A*26:246"
"A*26:01","A*26:242"
"A*26:01","A*26:228"
"A*26:01","A*26:223"
"A*26:01","A*26:222"
"A*26:01","A*26:220"
"A*26:01","A*26:209"
"A*26:01","A*26:208"
"A*26:01","A*26:203"
"A*26:01","A*26:202N"
"A*26:01","A*26:201"
"A*26:01","A*26:199"
"A*26:01","A*26:191N"
"A*26:01","A*26:187"
"A*26:01","A*26:186"
"A*26:01","A*26:185"
"A*26:01","A*26:183"
"A*26:01","A*26:180N"
"A*26:01","A*26:179"
"A*26:01","A*26:168"
"A*26:01","A*26:167"
"A*26:01","A*26:166"
"A*26:01","A*26:164"
"A*26:01","A*26:163"
"A*26:01","A*26:162"
"A*26:01","A*26:160"
"A*26:01","A*26:157"
"A*26:01","A*26:117"
"A*26:01","A*26:99"
"A*26:01","A*26:98"
"A*26:01","A*26:82"
"A*26:01","A*26:56"
"A*26:01","A*26:26"
"A*26:01","A*26:24"
"A*26:01","A*26:01"
"A*26:02","A*26:232"
"A*26:02","A*26:02"
"A*26:03","A*26:03"
"A*26:08","A*26:08"
"A*26:12","A*26:12"
"A*26:204","A*26:204"
"A*29:01","A*29:195"
"A*29:01","A*29:183"
"A*29:01","A*29:170"
"A*29:01","A*29:169"
"A*29:01","A*29:166"
"A*29:01","A*29:155"
"A*29:01","A*29:147"
"A*29:01","A*29:01"
"A*29:02","A*29:204"
"A*29:02","A*29:200N"
"A*29:02","A*29:197"
"A*29:02","A*29:194"
"A*29:02","A*29:193"
"A*29:02","A*29:181"
"A*29:02","A*29:178"
"A*29:02","A*29:175Q"
"A*29:02","A*29:167"
"A*29:02","A*29:160"
"A*29:02","A*29:149"
"A*29:02","A*29:148"
"A*29:02","A*29:146"
"A*29:02","A*29:145"
"A*29:02","A*29:135"
"A*29:02","A*29:134"
"A*29:02","A*29:131"
"A*29:02","A*29:130"
"A*29:02","A*29:121"
"A*29:02","A*29:120"
"A*29:02","A*29:119"
"A*29:02","A*29:116"
"A*29:02","A*29:100"
"A*29:02","A*29:95"
"A*29:02","A*29:75"
"A*29:02","A*29:46"
"A*29:02","A*29:26"
"A*29:02","A*29:02"
"A*29:133","A*29:133"
"A*30:01","A*30:245"
"A*30:01","A*30:242"
"A*30:01","A*30:233"
"A*30:01","A*30:229"
"A*30:01","A*30:221"
"A*30:01","A*30:220Q"
"A*30:01","A*30:207"
"A*30:01","A*30:205"
"A*30:01","A*30:201"
"A*30:01","A*30:192"
"A*30:01","A*30:190"
"A*30:01","A*30:187"
"A*30:01","A*30:181"
"A*30:01","A*30:173"
"A*30:01","A*30:171"
"A*30:01","A*30:170"
"A*30:01","A*30:167"
"A*30:01","A*30:148"
"A*30:01","A*30:147"
"A*30:01","A*30:142"
"A*30:01","A*30:141"
"A*30:01","A*30:138"
"A*30:01","A*30:137"
"A*30:01","A*30:136"
"A*30:01","A*30:135"
"A*30:01","A*30:132N"
"A*30:01","A*30:130N"
"A*30:01","A*30:115"
"A*30:01","A*30:114"
"A*30:01","A*30:112"
"A*30:01","A*30:95"
"A*30:01","A*30:81"
"A*30:01","A*30:24"
"A*30:01","A*30:01"
"A*30:02","A*30:255"
"A*30:02","A*30:234"
"A*30:02","A*30:227"
"A*30:02","A*30:214"
"A*30:02","A*30:208N"
"A*30:02","A*30:200"
"A*30:02","A*30:193"
"A*30:02","A*30:175"
"A*30:02","A*30:169"
"A*30:02","A*30:156"
"A*30:02","A*30:151"
"A*30:02","A*30:149"
"A*30:02","A*30:146"
"A*30:02","A*30:144"
"A*30:02","A*30:100"
"A*30:02","A*30:33"
"A*30:02","A*30:02"
"A*30:04","A*30:230"
"A*30:04","A*30:105"
"A*30:04","A*30:77"
"A*30:04","A*30:04"
"A*30:09","A*30:09"
"A*31:01","A*31:239"
"A*31:01","A*31:238"
"A*31:01","A*31:236"
"A*31:01","A*31:233"
"A*31:01","A*31:232N"
"A*31:01","A*31:229"
"A*31:01","A*31:227"
"A*31:01","A*31:226"
"A*31:01","A*31:224"
"A*31:01","A*31:215"
"A*31:01","A*31:212"
"A*31:01","A*31:209"
"A*31:01","A*31:208"
"A*31:01","A*31:199"
"A*31:01","A*31:198"
"A*31:01","A*31:197"
"A*31:01","A*31:196"
"A*31:01","A*31:194"
"A*31:01","A*31:186"
"A*31:01","A*31:184N"
"A*31:01","A*31:182"
"A*31:01","A*31:181"
"A*31:01","A*31:178"
"A*31:01","A*31:177"
"A*31:01","A*31:167"
"A*31:01","A*31:166"
"A*31:01","A*31:160"
"A*31:01","A*31:159"
"A*31:01","A*31:157"
"A*31:01","A*31:156"
"A*31:01","A*31:155"
"A*31:01","A*31:153"
"A*31:01","A*31:152"
"A*31:01","A*31:151Q"
"A*31:01","A*31:143"
"A*31:01","A*31:135"
"A*31:01","A*31:132"
"A*31:01","A*31:128"
"A*31:01","A*31:125"
"A*31:01","A*31:119"
"A*31:01","A*31:111"
"A*31:01","A*31:95"
"A*31:01","A*31:81"
"A*31:01","A*31:72"
"A*31:01","A*31:71"
"A*31:01","A*31:59"
"A*31:01","A*31:56"
"A*31:01","A*31:55"
"A*31:01","A*31:48"
"A*31:01","A*31:46"
"A*31:01","A*31:23"
"A*31:01","A*31:14N"
"A*31:01","A*31:01"
"A*31:02","A*31:230"
"A*31:02","A*31:02"
"A*31:04","A*31:04"
"A*32:01","A*32:191Q"
"A*32:01","A*32:189"
"A*32:01","A*32:188"
"A*32:01","A*32:187"
"A*32:01","A*32:182"
"A*32:01","A*32:180"
"A*32:01","A*32:178"
"A*32:01","A*32:177"
"A*32:01","A*32:172"
"A*32:01","A*32:168N"
"A*32:01","A*32:162"
"A*32:01","A*32:161"
"A*32:01","A*32:155"
"A*32:01","A*32:154"
"A*32:01","A*32:149"
"A*32:01","A*32:148"
"A*32:01","A*32:147"
"A*32:01","A*32:139"
"A*32:01","A*32:134"
"A*32:01","A*32:124"
"A*32:01","A*32:122"
"A*32:01","A*32:121"
"A*32:01","A*32:117N"
"A*32:01","A*32:116"
"A*32:01","A*32:114"
"A*32:01","A*32:111"
"A*32:01","A*32:110"
"A*32:01","A*32:106"
"A*32:01","A*32:103"
"A*32:01","A*32:74"
"A*32:01","A*32:68"
"A*32:01","A*32:61"
"A*32:01","A*32:54"
"A*32:01","A*32:53"
"A*32:01","A*32:01"
"A*32:03","A*32:03"
"A*32:08","A*32:195"
"A*32:08","A*32:08"
"A*33:01","A*33:294"
"A*33:01","A*33:276"
"A*33:01","A*33:272"
"A*33:01","A*33:263"
"A*33:01","A*33:262"
"A*33:01","A*33:257"
"A*33:01","A*33:253"
"A*33:01","A*33:251"
"A*33:01","A*33:237"
"A*33:01","A*33:236"
"A*33:01","A*33:232"
"A*33:01","A*33:221"
"A*33:01","A*33:210"
"A*33:01","A*33:207"
"A*33:01","A*33:193"
"A*33:01","A*33:191"
"A*33:01","A*33:182"
"A*33:01","A*33:171"
"A*33:01","A*33:170"
"A*33:01","A*33:157N"
"A*33:01","A*33:136"
"A*33:01","A*33:129N"
"A*33:01","A*33:111"
"A*33:01","A*33:01"
"A*33:03","A*33:284"
"A*33:03","A*33:283"
"A*33:03","A*33:278"
"A*33:03","A*33:274"
"A*33:03","A*33:270"
"A*33:03","A*33:260"
"A*33:03","A*33:258N"
"A*33:03","A*33:256"
"A*33:03","A*33:245"
"A*33:03","A*33:242"
"A*33:03","A*33:239Q"
"A*33:03","A*33:235"
"A*33:03","A*33:234"
"A*33:03","A*33:228"
"A*33:03","A*33:222"
"A*33:03","A*33:220"
"A*33:03","A*33:219"
"A*33:03","A*33:218"
"A*33:03","A*33:209"
"A*33:03","A*33:205"
"A*33:03","A*33:204"
"A*33:03","A*33:203"
"A*33:03","A*33:202"
"A*33:03","A*33:181"
"A*33:03","A*33:174N"
"A*33:03","A*33:172"
"A*33:03","A*33:169"
"A*33:03","A*33:163"
"A*33:03","A*33:160"
"A*33:03","A*33:156N"
"A*33:03","A*33:153"
"A*33:03","A*33:151"
"A*33:03","A*33:148"
"A*33:03","A*33:146"
"A*33:03","A*33:145"
"A*33:03","A*33:85"
"A*33:03","A*33:84"
"A*33:03","A*33:83"
"A*33:03","A*33:82"
"A*33:03","A*33:77"
"A*33:03","A*33:74N"
"A*33:03","A*33:73N"
"A*33:03","A*33:44"
"A*33:03","A*33:39"
"A*33:03","A*33:31"
"A*33:03","A*33:25"
"A*33:03","A*33:15"
"A*33:03","A*33:03"
"A*34:01","A*34:18"
"A*34:01","A*34:01"
"A*34:02","A*34:32"
"A*34:02","A*34:26N"
"A*34:02","A*34:02"
"A*36:01","A*36:16N"
"A*36:01","A*36:15"
"A*36:01","A*36:14"
"A*36:01","A*36:12"
"A*36:01","A*36:09"
"A*36:01","A*36:01"
"A*43:01","A*43:02N"
"A*43:01","A*43:01"
"A*66:01","A*66:49"
"A*66:01","A*66:46"
"A*66:01","A*66:38"
"A*66:01","A*66:36"
"A*66:01","A*66:31"
"A*66:01","A*66:29"
"A*66:01","A*66:17"
"A*66:01","A*66:08"
"A*66:01","A*66:01"
"A*66:02","A*66:34"
"A*66:02","A*66:02"
"A*66:03","A*66:28N"
"A*66:03","A*66:03"
"A*68:01","A*68:334"
"A*68:01","A*68:333"
"A*68:01","A*68:327"
"A*68:01","A*68:325"
"A*68:01","A*68:324"
"A*68:01","A*68:297"
"A*68:01","A*68:289"
"A*68:01","A*68:288"
"A*68:01","A*68:277"
"A*68:01","A*68:268"
"A*68:01","A*68:252"
"A*68:01","A*68:223"
"A*68:01","A*68:211"
"A*68:01","A*68:191"
"A*68:01","A*68:190"
"A*68:01","A*68:188"
"A*68:01","A*68:177"
"A*68:01","A*68:176"
"A*68:01","A*68:164"
"A*68:01","A*68:01"
"A*68:01","A*68:332"
"A*68:01","A*68:323"
"A*68:01","A*68:321"
"A*68:01","A*68:313"
"A*68:01","A*68:310"
"A*68:01","A*68:307"
"A*68:01","A*68:303"
"A*68:01","A*68:302"
"A*68:01","A*68:298"
"A*68:01","A*68:287"
"A*68:01","A*68:273"
"A*68:01","A*68:270"
"A*68:01","A*68:263Q"
"A*68:01","A*68:254"
"A*68:01","A*68:243"
"A*68:01","A*68:221"
"A*68:01","A*68:217"
"A*68:01","A*68:208"
"A*68:01","A*68:207"
"A*68:01","A*68:167"
"A*68:01","A*68:152"
"A*68:01","A*68:144"
"A*68:01","A*68:96"
"A*68:01","A*68:33"
"A*68:01","A*68:11N"
"A*68:02","A*68:320"
"A*68:02","A*68:312"
"A*68:02","A*68:278"
"A*68:02","A*68:275"
"A*68:02","A*68:274"
"A*68:02","A*68:272"
"A*68:02","A*68:237"
"A*68:02","A*68:219"
"A*68:02","A*68:216N"
"A*68:02","A*68:201"
"A*68:02","A*68:198"
"A*68:02","A*68:163"
"A*68:02","A*68:02"
"A*68:03","A*68:206"
"A*68:03","A*68:03"
"A*68:08","A*68:08"
"A*68:35","A*68:35"
"A*68:105","A*68:105"
"A*69:01","A*69:01"
"A*74:01","A*74:52"
"A*74:01","A*74:51"
"A*74:01","A*74:47N"
"A*74:01","A*74:36"
"A*74:01","A*74:34"
"A*74:01","A*74:31"
"A*74:01","A*74:02"
"A*74:01","A*74:01"
"A*74:03","A*74:03"
"A*74:06","A*74:39"
"A*74:06","A*74:06"
"A*80:01","A*80:10"
"A*80:01","A*80:08N"
"A*80:01","A*80:07"
"A*80:01","A*80:06"
"A*80:01","A*80:05"
"A*80:01","A*80:01"
"B*07:02","B*07:537"
"B*07:02","B*07:536"
"B*07:02","B*07:532"
"B*07:02","B*07:529"
"B*07:02","B*07:528"
"B*07:02","B*07:525"
"B*07:02","B*07:521"
"B*07:02","B*07:515"
"B*07:02","B*07:509N"
"B*07:02","B*07:493"
"B*07:02","B*07:492"
"B*07:02","B*07:491"
"B*07:02","B*07:490"
"B*07:02","B*07:487"
"B*07:02","B*07:486"
"B*07:02","B*07:484"
"B*07:02","B*07:482"
"B*07:02","B*07:477"
"B*07:02","B*07:466"
"B*07:02","B*07:462"
"B*07:02","B*07:459"
"B*07:02","B*07:458"
"B*07:02","B*07:456"
"B*07:02","B*07:454"
"B*07:02","B*07:436"
"B*07:02","B*07:433"
"B*07:02","B*07:432"
"B*07:02","B*07:431"
"B*07:02","B*07:427"
"B*07:02","B*07:425N"
"B*07:02","B*07:423"
"B*07:02","B*07:422"
"B*07:02","B*07:406"
"B*07:02","B*07:405"
"B*07:02","B*07:402"
"B*07:02","B*07:396"
"B*07:02","B*07:394"
"B*07:02","B*07:393"
"B*07:02","B*07:392"
"B*07:02","B*07:391"
"B*07:02","B*07:390"
"B*07:02","B*07:385"
"B*07:02","B*07:382"
"B*07:02","B*07:381"
"B*07:02","B*07:379"
"B*07:02","B*07:375"
"B*07:02","B*07:374N"
"B*07:02","B*07:373N"
"B*07:02","B*07:371"
"B*07:02","B*07:370"
"B*07:02","B*07:369"
"B*07:02","B*07:355"
"B*07:02","B*07:354"
"B*07:02","B*07:342"
"B*07:02","B*07:341"
"B*07:02","B*07:339"
"B*07:02","B*07:338"
"B*07:02","B*07:330N"
"B*07:02","B*07:329"
"B*07:02","B*07:322"
"B*07:02","B*07:312"
"B*07:02","B*07:311"
"B*07:02","B*07:308"
"B*07:02","B*07:298"
"B*07:02","B*07:295"
"B*07:02","B*07:294"
"B*07:02","B*07:291"
"B*07:02","B*07:282"
"B*07:02","B*07:271"
"B*07:02","B*07:169"
"B*07:02","B*07:161N"
"B*07:02","B*07:156"
"B*07:02","B*07:130"
"B*07:02","B*07:129"
"B*07:02","B*07:128"
"B*07:02","B*07:120"
"B*07:02","B*07:61"
"B*07:02","B*07:59"
"B*07:02","B*07:58"
"B*07:02","B*07:49N"
"B*07:02","B*07:44N"
"B*07:02","B*07:02"
"B*07:05","B*07:539"
"B*07:05","B*07:533"
"B*07:05","B*07:527"
"B*07:05","B*07:494"
"B*07:05","B*07:489"
"B*07:05","B*07:474"
"B*07:05","B*07:434"
"B*07:05","B*07:399"
"B*07:05","B*07:389"
"B*07:05","B*07:324"
"B*07:05","B*07:06"
"B*07:05","B*07:05"
"B*07:07","B*07:07"
"B*07:37","B*07:37"
"B*07:75","B*07:75"
"B*07:516","B*07:516"
"B*08:01","B*08:338"
"B*08:01","B*08:337"
"B*08:01","B*08:336N"
"B*08:01","B*08:334"
"B*08:01","B*08:331"
"B*08:01","B*08:325"
"B*08:01","B*08:320"
"B*08:01","B*08:312"
"B*08:01","B*08:311"
"B*08:01","B*08:301"
"B*08:01","B*08:298"
"B*08:01","B*08:294"
"B*08:01","B*08:280"
"B*08:01","B*08:276"
"B*08:01","B*08:275"
"B*08:01","B*08:273"
"B*08:01","B*08:270Q"
"B*08:01","B*08:269"
"B*08:01","B*08:268"
"B*08:01","B*08:267"
"B*08:01","B*08:260"
"B*08:01","B*08:259"
"B*08:01","B*08:258"
"B*08:01","B*08:250"
"B*08:01","B*08:248"
"B*08:01","B*08:247"
"B*08:01","B*08:246"
"B*08:01","B*08:244"
"B*08:01","B*08:243"
"B*08:01","B*08:241"
"B*08:01","B*08:238"
"B*08:01","B*08:237"
"B*08:01","B*08:236N"
"B*08:01","B*08:234"
"B*08:01","B*08:233"
"B*08:01","B*08:231"
"B*08:01","B*08:225"
"B*08:01","B*08:222"
"B*08:01","B*08:221"
"B*08:01","B*08:207"
"B*08:01","B*08:194"
"B*08:01","B*08:191"
"B*08:01","B*08:183"
"B*08:01","B*08:182"
"B*08:01","B*08:178"
"B*08:01","B*08:173"
"B*08:01","B*08:109"
"B*08:01","B*08:19N"
"B*08:01","B*08:01"
"B*13:01","B*13:211"
"B*13:01","B*13:206"
"B*13:01","B*13:205N"
"B*13:01","B*13:180"
"B*13:01","B*13:173"
"B*13:01","B*13:171"
"B*13:01","B*13:168"
"B*13:01","B*13:162"
"B*13:01","B*13:148"
"B*13:01","B*13:142"
"B*13:01","B*13:109"
"B*13:01","B*13:61"
"B*13:01","B*13:52"
"B*13:01","B*13:01"
"B*13:02","B*13:208"
"B*13:02","B*13:207"
"B*13:02","B*13:204"
"B*13:02","B*13:203"
"B*13:02","B*13:201"
"B*13:02","B*13:199"
"B*13:02","B*13:194"
"B*13:02","B*13:191"
"B*13:02","B*13:185"
"B*13:02","B*13:184"
"B*13:02","B*13:182"
"B*13:02","B*13:179"
"B*13:02","B*13:177"
"B*13:02","B*13:176"
"B*13:02","B*13:175"
"B*13:02","B*13:152"
"B*13:02","B*13:151"
"B*13:02","B*13:139N"
"B*13:02","B*13:136"
"B*13:02","B*13:125"
"B*13:02","B*13:123Q"
"B*13:02","B*13:117"
"B*13:02","B*13:116N"
"B*13:02","B*13:114"
"B*13:02","B*13:99"
"B*13:02","B*13:96"
"B*13:02","B*13:69"
"B*13:02","B*13:38"
"B*13:02","B*13:02"
"B*14:01","B*14:137"
"B*14:01","B*14:121"
"B*14:01","B*14:113N"
"B*14:01","B*14:104"
"B*14:01","B*14:103"
"B*14:01","B*14:81"
"B*14:01","B*14:80"
"B*14:01","B*14:78"
"B*14:01","B*14:01"
"B*14:02","B*14:136"
"B*14:02","B*14:132"
"B*14:02","B*14:126"
"B*14:02","B*14:115"
"B*14:02","B*14:109"
"B*14:02","B*14:101N"
"B*14:02","B*14:100N"
"B*14:02","B*14:98"
"B*14:02","B*14:92"
"B*14:02","B*14:91"
"B*14:02","B*14:89"
"B*14:02","B*14:85N"
"B*14:02","B*14:84"
"B*14:02","B*14:76N"
"B*14:02","B*14:69N"
"B*14:02","B*14:67"
"B*14:02","B*14:64"
"B*14:02","B*14:61"
"B*14:02","B*14:02"
"B*15:01","B*15:748"
"B*15:01","B*15:744"
"B*15:01","B*15:729"
"B*15:01","B*15:727"
"B*15:01","B*15:696"
"B*15:01","B*15:677"
"B*15:01","B*15:666"
"B*15:01","B*15:647"
"B*15:01","B*15:640"
"B*15:01","B*15:639"
"B*15:01","B*15:635"
"B*15:01","B*15:632"
"B*15:01","B*15:631"
"B*15:01","B*15:624"
"B*15:01","B*15:621"
"B*15:01","B*15:605"
"B*15:01","B*15:604N"
"B*15:01","B*15:601"
"B*15:01","B*15:600"
"B*15:01","B*15:593"
"B*15:01","B*15:591"
"B*15:01","B*15:572"
"B*15:01","B*15:568"
"B*15:01","B*15:558"
"B*15:01","B*15:547"
"B*15:01","B*15:542"
"B*15:01","B*15:538"
"B*15:01","B*15:536"
"B*15:01","B*15:535"
"B*15:01","B*15:533"
"B*15:01","B*15:515"
"B*15:01","B*15:514"
"B*15:01","B*15:501"
"B*15:01","B*15:483N"
"B*15:01","B*15:482"
"B*15:01","B*15:476"
"B*15:01","B*15:474"
"B*15:01","B*15:472"
"B*15:01","B*15:471"
"B*15:01","B*15:466"
"B*15:01","B*15:465"
"B*15:01","B*15:464"
"B*15:01","B*15:457"
"B*15:01","B*15:456"
"B*15:01","B*15:443"
"B*15:01","B*15:441"
"B*15:01","B*15:321Q"
"B*15:01","B*15:320"
"B*15:01","B*15:247"
"B*15:01","B*15:228"
"B*15:01","B*15:227"
"B*15:01","B*15:201"
"B*15:01","B*15:146"
"B*15:01","B*15:140"
"B*15:01","B*15:104"
"B*15:01","B*15:102"
"B*15:01","B*15:01"
"B*15:02","B*15:681"
"B*15:02","B*15:664"
"B*15:02","B*15:630"
"B*15:02","B*15:596N"
"B*15:02","B*15:557"
"B*15:02","B*15:537"
"B*15:02","B*15:437"
"B*15:02","B*15:358"
"B*15:02","B*15:302N"
"B*15:02","B*15:214"
"B*15:02","B*15:02"
"B*15:03","B*15:740"
"B*15:03","B*15:560"
"B*15:03","B*15:444"
"B*15:03","B*15:220"
"B*15:03","B*15:103"
"B*15:03","B*15:03"
"B*15:04","B*15:04"
"B*15:05","B*15:05"
"B*15:07","B*15:673"
"B*15:07","B*15:668"
"B*15:07","B*15:450"
"B*15:07","B*15:07"
"B*15:08","B*15:08"
"B*15:09","B*15:09"
"B*15:10","B*15:707"
"B*15:10","B*15:506"
"B*15:10","B*15:503"
"B*15:10","B*15:455"
"B*15:10","B*15:10"
"B*15:11","B*15:723"
"B*15:11","B*15:662"
"B*15:11","B*15:367"
"B*15:11","B*15:305"
"B*15:11","B*15:284"
"B*15:11","B*15:11"
"B*15:12","B*15:270"
"B*15:12","B*15:19"
"B*15:12","B*15:12"
"B*15:14","B*15:634"
"B*15:14","B*15:551"
"B*15:14","B*15:14"
"B*15:15","B*15:15"
"B*15:16","B*15:746"
"B*15:16","B*15:680"
"B*15:16","B*15:602"
"B*15:16","B*15:550"
"B*15:16","B*15:16"
"B*15:17","B*15:689"
"B*15:17","B*15:644"
"B*15:17","B*15:546Q"
"B*15:17","B*15:17"
"B*15:18","B*15:719"
"B*15:18","B*15:675"
"B*15:18","B*15:548"
"B*15:18","B*15:487N"
"B*15:18","B*15:388"
"B*15:18","B*15:380N"
"B*15:18","B*15:307"
"B*15:18","B*15:263"
"B*15:18","B*15:198"
"B*15:18","B*15:18"
"B*15:21","B*15:615"
"B*15:21","B*15:21"
"B*15:25","B*15:718"
"B*15:25","B*15:564"
"B*15:25","B*15:543"
"B*15:25","B*15:271"
"B*15:25","B*15:25"
"B*15:27","B*15:27"
"B*15:28","B*15:428"
"B*15:28","B*15:28"
"B*15:29","B*15:29"
"B*15:30","B*15:541"
"B*15:30","B*15:30"
"B*15:31","B*15:31"
"B*15:32","B*15:734"
"B*15:32","B*15:583"
"B*15:32","B*15:32"
"B*15:35","B*15:641"
"B*15:35","B*15:35"
"B*15:39","B*15:651"
"B*15:39","B*15:626"
"B*15:39","B*15:39"
"B*15:73","B*15:73"
"B*15:78","B*15:78"
"B*15:83","B*15:83"
"B*15:123","B*15:628"
"B*15:123","B*15:151"
"B*15:123","B*15:123"
"B*15:160","B*15:160"
"B*15:379","B*15:650"
"B*15:379","B*15:379"
"B*15:610","B*15:749"
"B*15:610","B*15:610"
"B*15:614","B*15:614"
"B*18:01","B*18:262"
"B*18:01","B*18:258N"
"B*18:01","B*18:250"
"B*18:01","B*18:249"
"B*18:01","B*18:248N"
"B*18:01","B*18:247"
"B*18:01","B*18:246"
"B*18:01","B*18:243"
"B*18:01","B*18:238"
"B*18:01","B*18:237"
"B*18:01","B*18:234"
"B*18:01","B*18:233"
"B*18:01","B*18:232"
"B*18:01","B*18:231Q"
"B*18:01","B*18:225"
"B*18:01","B*18:220"
"B*18:01","B*18:212"
"B*18:01","B*18:211"
"B*18:01","B*18:209"
"B*18:01","B*18:208"
"B*18:01","B*18:207"
"B*18:01","B*18:206"
"B*18:01","B*18:202"
"B*18:01","B*18:200"
"B*18:01","B*18:193"
"B*18:01","B*18:188"
"B*18:01","B*18:187"
"B*18:01","B*18:186"
"B*18:01","B*18:184"
"B*18:01","B*18:183"
"B*18:01","B*18:181"
"B*18:01","B*18:180"
"B*18:01","B*18:177"
"B*18:01","B*18:176"
"B*18:01","B*18:163"
"B*18:01","B*18:160"
"B*18:01","B*18:159"
"B*18:01","B*18:146"
"B*18:01","B*18:145"
"B*18:01","B*18:144"
"B*18:01","B*18:135"
"B*18:01","B*18:131"
"B*18:01","B*18:124"
"B*18:01","B*18:119"
"B*18:01","B*18:81"
"B*18:01","B*18:53"
"B*18:01","B*18:17N"
"B*18:01","B*18:01"
"B*18:03","B*18:03"
"B*18:05","B*18:05"
"B*18:07","B*18:07"
"B*18:18","B*18:18"
"B*18:156","B*18:156"
"B*18:157","B*18:157"
"B*18:194","B*18:194"
"B*27:02","B*27:300"
"B*27:02","B*27:295"
"B*27:02","B*27:275"
"B*27:02","B*27:197"
"B*27:02","B*27:163"
"B*27:02","B*27:02"
"B*27:04","B*27:299"
"B*27:04","B*27:292"
"B*27:04","B*27:283"
"B*27:04","B*27:247"
"B*27:04","B*27:240"
"B*27:04","B*27:229"
"B*27:04","B*27:211"
"B*27:04","B*27:69"
"B*27:04","B*27:68"
"B*27:04","B*27:04"
"B*27:05","B*27:297"
"B*27:05","B*27:296"
"B*27:05","B*27:294"
"B*27:05","B*27:293"
"B*27:05","B*27:291"
"B*27:05","B*27:290"
"B*27:05","B*27:286"
"B*27:05","B*27:277"
"B*27:05","B*27:276"
"B*27:05","B*27:273"
"B*27:05","B*27:270"
"B*27:05","B*27:266"
"B*27:05","B*27:265"
"B*27:05","B*27:263N"
"B*27:05","B*27:259"
"B*27:05","B*27:255"
"B*27:05","B*27:253Q"
"B*27:05","B*27:252"
"B*27:05","B*27:231"
"B*27:05","B*27:230"
"B*27:05","B*27:220"
"B*27:05","B*27:216"
"B*27:05","B*27:212N"
"B*27:05","B*27:206"
"B*27:05","B*27:199"
"B*27:05","B*27:196"
"B*27:05","B*27:195"
"B*27:05","B*27:193"
"B*27:05","B*27:191"
"B*27:05","B*27:190"
"B*27:05","B*27:184"
"B*27:05","B*27:174"
"B*27:05","B*27:162"
"B*27:05","B*27:13"
"B*27:05","B*27:05"
"B*27:05","B*27:274"
"B*27:06","B*27:222"
"B*27:06","B*27:208"
"B*27:06","B*27:192"
"B*27:06","B*27:06"
"B*27:07","B*27:284"
"B*27:07","B*27:07"
"B*27:12","B*27:12"
"B*27:14","B*27:288"
"B*27:14","B*27:14"
"B*27:19","B*27:19"
"B*27:204","B*27:204"
"B*35:01","B*35:653"
"B*35:01","B*35:642"
"B*35:01","B*35:640"
"B*35:01","B*35:615"
"B*35:01","B*35:614"
"B*35:01","B*35:606"
"B*35:01","B*35:603"
"B*35:01","B*35:597N"
"B*35:01","B*35:588"
"B*35:01","B*35:580"
"B*35:01","B*35:574N"
"B*35:01","B*35:573"
"B*35:01","B*35:559"
"B*35:01","B*35:552"
"B*35:01","B*35:533"
"B*35:01","B*35:529"
"B*35:01","B*35:528"
"B*35:01","B*35:520"
"B*35:01","B*35:516"
"B*35:01","B*35:515"
"B*35:01","B*35:514"
"B*35:01","B*35:506"
"B*35:01","B*35:490"
"B*35:01","B*35:485"
"B*35:01","B*35:473"
"B*35:01","B*35:467"
"B*35:01","B*35:465"
"B*35:01","B*35:464"
"B*35:01","B*35:462"
"B*35:01","B*35:458"
"B*35:01","B*35:456N"
"B*35:01","B*35:454"
"B*35:01","B*35:448N"
"B*35:01","B*35:447"
"B*35:01","B*35:429"
"B*35:01","B*35:421"
"B*35:01","B*35:417"
"B*35:01","B*35:406"
"B*35:01","B*35:383"
"B*35:01","B*35:380"
"B*35:01","B*35:376"
"B*35:01","B*35:370"
"B*35:01","B*35:365"
"B*35:01","B*35:359"
"B*35:01","B*35:348"
"B*35:01","B*35:347"
"B*35:01","B*35:336"
"B*35:01","B*35:332"
"B*35:01","B*35:250"
"B*35:01","B*35:245"
"B*35:01","B*35:241"
"B*35:01","B*35:227"
"B*35:01","B*35:161"
"B*35:01","B*35:134N"
"B*35:01","B*35:94"
"B*35:01","B*35:57"
"B*35:01","B*35:42"
"B*35:01","B*35:40N"
"B*35:01","B*35:01"
"B*35:02","B*35:651"
"B*35:02","B*35:632"
"B*35:02","B*35:562"
"B*35:02","B*35:483"
"B*35:02","B*35:379"
"B*35:02","B*35:220"
"B*35:02","B*35:02"
"B*35:03","B*35:639"
"B*35:03","B*35:617"
"B*35:03","B*35:592"
"B*35:03","B*35:568"
"B*35:03","B*35:563"
"B*35:03","B*35:543"
"B*35:03","B*35:511"
"B*35:03","B*35:507N"
"B*35:03","B*35:496"
"B*35:03","B*35:457"
"B*35:03","B*35:451"
"B*35:03","B*35:442"
"B*35:03","B*35:435"
"B*35:03","B*35:434"
"B*35:03","B*35:420"
"B*35:03","B*35:399"
"B*35:03","B*35:371"
"B*35:03","B*35:364"
"B*35:03","B*35:344"
"B*35:03","B*35:298"
"B*35:03","B*35:279"
"B*35:03","B*35:70"
"B*35:03","B*35:03"
"B*35:04","B*35:04"
"B*35:05","B*35:572"
"B*35:05","B*35:459N"
"B*35:05","B*35:416"
"B*35:05","B*35:389"
"B*35:05","B*35:05"
"B*35:08","B*35:466"
"B*35:08","B*35:386"
"B*35:08","B*35:08"
"B*35:09","B*35:09"
"B*35:12","B*35:474"
"B*35:12","B*35:12"
"B*35:13","B*35:13"
"B*35:14","B*35:512"
"B*35:14","B*35:390N"
"B*35:14","B*35:14"
"B*35:17","B*35:17"
"B*35:20","B*35:20"
"B*35:22","B*35:22"
"B*35:28","B*35:28"
"B*35:30","B*35:30"
"B*35:31","B*35:31"
"B*35:32","B*35:32"
"B*35:43","B*35:79"
"B*35:43","B*35:67"
"B*35:43","B*35:43"
"B*35:137","B*35:147"
"B*35:137","B*35:137"
"B*35:439","B*35:439"
"B*37:01","B*37:119"
"B*37:01","B*37:118"
"B*37:01","B*37:113"
"B*37:01","B*37:112N"
"B*37:01","B*37:110"
"B*37:01","B*37:109N"
"B*37:01","B*37:108"
"B*37:01","B*37:104"
"B*37:01","B*37:103"
"B*37:01","B*37:93"
"B*37:01","B*37:92N"
"B*37:01","B*37:89"
"B*37:01","B*37:88"
"B*37:01","B*37:87"
"B*37:01","B*37:86N"
"B*37:01","B*37:80"
"B*37:01","B*37:78"
"B*37:01","B*37:75"
"B*37:01","B*37:73"
"B*37:01","B*37:71"
"B*37:01","B*37:68"
"B*37:01","B*37:47"
"B*37:01","B*37:46"
"B*37:01","B*37:45"
"B*37:01","B*37:43"
"B*37:01","B*37:23"
"B*37:01","B*37:01"
"B*38:01","B*38:171"
"B*38:01","B*38:161"
"B*38:01","B*38:123"
"B*38:01","B*38:110"
"B*38:01","B*38:109"
"B*38:01","B*38:108"
"B*38:01","B*38:99"
"B*38:01","B*38:90"
"B*38:01","B*38:86"
"B*38:01","B*38:80N"
"B*38:01","B*38:68L"
"B*38:01","B*38:01"
"B*38:02","B*38:167"
"B*38:02","B*38:163"
"B*38:02","B*38:162"
"B*38:02","B*38:160"
"B*38:02","B*38:126"
"B*38:02","B*38:125"
"B*38:02","B*38:124"
"B*38:02","B*38:105"
"B*38:02","B*38:92"
"B*38:02","B*38:85"
"B*38:02","B*38:82"
"B*38:02","B*38:18"
"B*38:02","B*38:02"
"B*39:01","B*39:238"
"B*39:01","B*39:228"
"B*39:01","B*39:226"
"B*39:01","B*39:223"
"B*39:01","B*39:222"
"B*39:01","B*39:221"
"B*39:01","B*39:204"
"B*39:01","B*39:198"
"B*39:01","B*39:194Q"
"B*39:01","B*39:191"
"B*39:01","B*39:189"
"B*39:01","B*39:183"
"B*39:01","B*39:179"
"B*39:01","B*39:177"
"B*39:01","B*39:160"
"B*39:01","B*39:151"
"B*39:01","B*39:150Q"
"B*39:01","B*39:130"
"B*39:01","B*39:86"
"B*39:01","B*39:77"
"B*39:01","B*39:59"
"B*39:01","B*39:46"
"B*39:01","B*39:01"
"B*39:02","B*39:02"
"B*39:02","B*39:162"
"B*39:03","B*39:144"
"B*39:03","B*39:03"
"B*39:05","B*39:224"
"B*39:05","B*39:217"
"B*39:05","B*39:167"
"B*39:05","B*39:165"
"B*39:05","B*39:163"
"B*39:05","B*39:149"
"B*39:05","B*39:05"
"B*39:06","B*39:06"
"B*39:06","B*39:187"
"B*39:06","B*39:132"
"B*39:09","B*39:234"
"B*39:09","B*39:158"
"B*39:09","B*39:09"
"B*39:10","B*39:199"
"B*39:10","B*39:175N"
"B*39:10","B*39:145"
"B*39:10","B*39:10"
"B*39:12","B*39:12"
"B*39:14","B*39:216"
"B*39:14","B*39:14"
"B*39:15","B*39:188"
"B*39:15","B*39:15"
"B*39:24","B*39:24"
"B*39:31","B*39:31"
"B*39:37","B*39:37"
"B*40:01","B*40:611N"
"B*40:01","B*40:605"
"B*40:01","B*40:601"
"B*40:01","B*40:592"
"B*40:01","B*40:591"
"B*40:01","B*40:590N"
"B*40:01","B*40:582"
"B*40:01","B*40:554"
"B*40:01","B*40:552"
"B*40:01","B*40:550"
"B*40:01","B*40:548"
"B*40:01","B*40:538"
"B*40:01","B*40:524"
"B*40:01","B*40:516"
"B*40:01","B*40:512"
"B*40:01","B*40:509Q"
"B*40:01","B*40:495"
"B*40:01","B*40:490"
"B*40:01","B*40:486"
"B*40:01","B*40:485"
"B*40:01","B*40:483N"
"B*40:01","B*40:480"
"B*40:01","B*40:475"
"B*40:01","B*40:456"
"B*40:01","B*40:450"
"B*40:01","B*40:446"
"B*40:01","B*40:443"
"B*40:01","B*40:439"
"B*40:01","B*40:431"
"B*40:01","B*40:419"
"B*40:01","B*40:418"
"B*40:01","B*40:417"
"B*40:01","B*40:416"
"B*40:01","B*40:406"
"B*40:01","B*40:395"
"B*40:01","B*40:386"
"B*40:01","B*40:383"
"B*40:01","B*40:379"
"B*40:01","B*40:353"
"B*40:01","B*40:338N"
"B*40:01","B*40:329"
"B*40:01","B*40:301"
"B*40:01","B*40:299"
"B*40:01","B*40:278"
"B*40:01","B*40:272"
"B*40:01","B*40:264"
"B*40:01","B*40:247"
"B*40:01","B*40:241"
"B*40:01","B*40:236"
"B*40:01","B*40:221"
"B*40:01","B*40:179"
"B*40:01","B*40:151"
"B*40:01","B*40:150"
"B*40:01","B*40:141"
"B*40:01","B*40:55"
"B*40:01","B*40:01"
"B*40:02","B*40:607"
"B*40:02","B*40:606N"
"B*40:02","B*40:596"
"B*40:02","B*40:587"
"B*40:02","B*40:579"
"B*40:02","B*40:545N"
"B*40:02","B*40:544"
"B*40:02","B*40:531"
"B*40:02","B*40:521"
"B*40:02","B*40:493"
"B*40:02","B*40:455"
"B*40:02","B*40:444"
"B*40:02","B*40:442"
"B*40:02","B*40:440"
"B*40:02","B*40:435"
"B*40:02","B*40:405"
"B*40:02","B*40:384"
"B*40:02","B*40:356"
"B*40:02","B*40:303"
"B*40:02","B*40:176"
"B*40:02","B*40:144N"
"B*40:02","B*40:97"
"B*40:02","B*40:56"
"B*40:02","B*40:02"
"B*40:03","B*40:267"
"B*40:03","B*40:03"
"B*40:04","B*40:556"
"B*40:04","B*40:04"
"B*40:05","B*40:05"
"B*40:06","B*40:584"
"B*40:06","B*40:494"
"B*40:06","B*40:487N"
"B*40:06","B*40:484"
"B*40:06","B*40:476"
"B*40:06","B*40:473"
"B*40:06","B*40:464"
"B*40:06","B*40:453"
"B*40:06","B*40:427"
"B*40:06","B*40:425"
"B*40:06","B*40:387"
"B*40:06","B*40:06"
"B*40:08","B*40:08"
"B*40:10","B*40:10"
"B*40:11","B*40:11"
"B*40:16","B*40:16"
"B*40:20","B*40:20"
"B*40:40","B*40:229"
"B*40:40","B*40:40"
"B*40:50","B*40:50"
"B*40:64","B*40:64"
"B*40:114","B*40:114"
"B*40:155","B*40:155"
"B*40:160","B*40:160"
"B*40:213","B*40:474"
"B*40:213","B*40:213"
"B*41:01","B*41:91"
"B*41:01","B*41:87"
"B*41:01","B*41:79"
"B*41:01","B*41:75"
"B*41:01","B*41:61"
"B*41:01","B*41:57"
"B*41:01","B*41:01"
"B*41:02","B*41:92"
"B*41:02","B*41:86"
"B*41:02","B*41:81"
"B*41:02","B*41:69"
"B*41:02","B*41:43"
"B*41:02","B*41:02"
"B*42:01","B*42:33"
"B*42:01","B*42:31"
"B*42:01","B*42:30"
"B*42:01","B*42:29"
"B*42:01","B*42:28"
"B*42:01","B*42:25"
"B*42:01","B*42:01"
"B*42:02","B*42:40"
"B*42:02","B*42:38"
"B*42:02","B*42:02"
"B*44:02","B*44:554"
"B*44:02","B*44:549"
"B*44:02","B*44:523N"
"B*44:02","B*44:521"
"B*44:02","B*44:520"
"B*44:02","B*44:517"
"B*44:02","B*44:515"
"B*44:02","B*44:503"
"B*44:02","B*44:498"
"B*44:02","B*44:492"
"B*44:02","B*44:484"
"B*44:02","B*44:479"
"B*44:02","B*44:478"
"B*44:02","B*44:477"
"B*44:02","B*44:473"
"B*44:02","B*44:470"
"B*44:02","B*44:468"
"B*44:02","B*44:467"
"B*44:02","B*44:464"
"B*44:02","B*44:462"
"B*44:02","B*44:461"
"B*44:02","B*44:457"
"B*44:02","B*44:437"
"B*44:02","B*44:436"
"B*44:02","B*44:432Q"
"B*44:02","B*44:431Q"
"B*44:02","B*44:426"
"B*44:02","B*44:422"
"B*44:02","B*44:417"
"B*44:02","B*44:413"
"B*44:02","B*44:410"
"B*44:02","B*44:400"
"B*44:02","B*44:387"
"B*44:02","B*44:386"
"B*44:02","B*44:382"
"B*44:02","B*44:376"
"B*44:02","B*44:363"
"B*44:02","B*44:361"
"B*44:02","B*44:359"
"B*44:02","B*44:351"
"B*44:02","B*44:344"
"B*44:02","B*44:341N"
"B*44:02","B*44:338"
"B*44:02","B*44:334N"
"B*44:02","B*44:321"
"B*44:02","B*44:315"
"B*44:02","B*44:313"
"B*44:02","B*44:311"
"B*44:02","B*44:306N"
"B*44:02","B*44:303N"
"B*44:02","B*44:301"
"B*44:02","B*44:292"
"B*44:02","B*44:279"
"B*44:02","B*44:270"
"B*44:02","B*44:267N"
"B*44:02","B*44:262"
"B*44:02","B*44:243"
"B*44:02","B*44:187"
"B*44:02","B*44:118"
"B*44:02","B*44:66"
"B*44:02","B*44:27"
"B*44:02","B*44:19N"
"B*44:02","B*44:02"
"B*44:03","B*44:551"
"B*44:03","B*44:546"
"B*44:03","B*44:524"
"B*44:03","B*44:522"
"B*44:03","B*44:512N"
"B*44:03","B*44:511"
"B*44:03","B*44:510"
"B*44:03","B*44:509"
"B*44:03","B*44:508"
"B*44:03","B*44:501"
"B*44:03","B*44:488"
"B*44:03","B*44:485"
"B*44:03","B*44:476"
"B*44:03","B*44:474"
"B*44:03","B*44:472"
"B*44:03","B*44:471"
"B*44:03","B*44:466N"
"B*44:03","B*44:433"
"B*44:03","B*44:429N"
"B*44:03","B*44:425"
"B*44:03","B*44:419"
"B*44:03","B*44:381"
"B*44:03","B*44:379"
"B*44:03","B*44:367"
"B*44:03","B*44:349"
"B*44:03","B*44:348"
"B*44:03","B*44:346"
"B*44:03","B*44:336"
"B*44:03","B*44:325"
"B*44:03","B*44:324"
"B*44:03","B*44:310N"
"B*44:03","B*44:309N"
"B*44:03","B*44:302"
"B*44:03","B*44:298"
"B*44:03","B*44:281"
"B*44:03","B*44:280"
"B*44:03","B*44:278"
"B*44:03","B*44:03"
"B*44:03","B*44:531"
"B*44:03","B*44:519"
"B*44:03","B*44:490"
"B*44:03","B*44:487"
"B*44:03","B*44:469"
"B*44:05","B*44:465"
"B*44:05","B*44:434"
"B*44:05","B*44:420"
"B*44:05","B*44:05"
"B*44:15","B*44:15"
"B*44:18","B*44:18"
"B*44:23","B*44:23"
"B*44:29","B*44:285"
"B*44:29","B*44:29"
"B*45:01","B*45:37"
"B*45:01","B*45:36"
"B*45:01","B*45:32"
"B*45:01","B*45:30"
"B*45:01","B*45:25"
"B*45:01","B*45:19"
"B*45:01","B*45:13"
"B*45:01","B*45:07"
"B*45:01","B*45:01"
"B*46:01","B*46:105"
"B*46:01","B*46:99"
"B*46:01","B*46:95N"
"B*46:01","B*46:92"
"B*46:01","B*46:91"
"B*46:01","B*46:89"
"B*46:01","B*46:82"
"B*46:01","B*46:80"
"B*46:01","B*46:76"
"B*46:01","B*46:57"
"B*46:01","B*46:56"
"B*46:01","B*46:39"
"B*46:01","B*46:38"
"B*46:01","B*46:34"
"B*46:01","B*46:24"
"B*46:01","B*46:15N"
"B*46:01","B*46:01"
"B*47:01","B*47:13"
"B*47:01","B*47:12"
"B*47:01","B*47:01"
"B*48:01","B*48:65"
"B*48:01","B*48:63"
"B*48:01","B*48:62"
"B*48:01","B*48:55"
"B*48:01","B*48:49"
"B*48:01","B*48:47"
"B*48:01","B*48:45"
"B*48:01","B*48:43"
"B*48:01","B*48:34"
"B*48:01","B*48:09"
"B*48:01","B*48:01"
"B*48:03","B*48:03"
"B*48:04","B*48:51"
"B*48:04","B*48:04"
"B*49:01","B*49:94"
"B*49:01","B*49:90"
"B*49:01","B*49:89N"
"B*49:01","B*49:85"
"B*49:01","B*49:81"
"B*49:01","B*49:79"
"B*49:01","B*49:78"
"B*49:01","B*49:66"
"B*49:01","B*49:65"
"B*49:01","B*49:64"
"B*49:01","B*49:62"
"B*49:01","B*49:49"
"B*49:01","B*49:01"
"B*50:01","B*50:80Q"
"B*50:01","B*50:79"
"B*50:01","B*50:69"
"B*50:01","B*50:59"
"B*50:01","B*50:57"
"B*50:01","B*50:37"
"B*50:01","B*50:28"
"B*50:01","B*50:27N"
"B*50:01","B*50:25"
"B*50:01","B*50:22"
"B*50:01","B*50:01"
"B*50:02","B*50:21"
"B*50:02","B*50:02"
"B*50:30","B*52:132"
"B*50:30","B*50:30"
"B*51:01","B*51:431"
"B*51:01","B*51:429"
"B*51:01","B*51:428"
"B*51:01","B*51:427"
"B*51:01","B*51:425N"
"B*51:01","B*51:422"
"B*51:01","B*51:420"
"B*51:01","B*51:416"
"B*51:01","B*51:415N"
"B*51:01","B*51:411"
"B*51:01","B*51:406"
"B*51:01","B*51:405"
"B*51:01","B*51:401"
"B*51:01","B*51:400"
"B*51:01","B*51:399"
"B*51:01","B*51:395"
"B*51:01","B*51:394Q"
"B*51:01","B*51:393Q"
"B*51:01","B*51:388"
"B*51:01","B*51:387N"
"B*51:01","B*51:384"
"B*51:01","B*51:381"
"B*51:01","B*51:380"
"B*51:01","B*51:375"
"B*51:01","B*51:370"
"B*51:01","B*51:368"
"B*51:01","B*51:367"
"B*51:01","B*51:365N"
"B*51:01","B*51:364"
"B*51:01","B*51:363"
"B*51:01","B*51:361N"
"B*51:01","B*51:360"
"B*51:01","B*51:343"
"B*51:01","B*51:339"
"B*51:01","B*51:336"
"B*51:01","B*51:335"
"B*51:01","B*51:334"
"B*51:01","B*51:332"
"B*51:01","B*51:330"
"B*51:01","B*51:329Q"
"B*51:01","B*51:322"
"B*51:01","B*51:321"
"B*51:01","B*51:320"
"B*51:01","B*51:316"
"B*51:01","B*51:309"
"B*51:01","B*51:308"
"B*51:01","B*51:307"
"B*51:01","B*51:303"
"B*51:01","B*51:297"
"B*51:01","B*51:296"
"B*51:01","B*51:289"
"B*51:01","B*51:288"
"B*51:01","B*51:286"
"B*51:01","B*51:285"
"B*51:01","B*51:271"
"B*51:01","B*51:270"
"B*51:01","B*51:269"
"B*51:01","B*51:268"
"B*51:01","B*51:264N"
"B*51:01","B*51:262"
"B*51:01","B*51:260"
"B*51:01","B*51:256N"
"B*51:01","B*51:250"
"B*51:01","B*51:249"
"B*51:01","B*51:248"
"B*51:01","B*51:237"
"B*51:01","B*51:234"
"B*51:01","B*51:232"
"B*51:01","B*51:230"
"B*51:01","B*51:229"
"B*51:01","B*51:224"
"B*51:01","B*51:219"
"B*51:01","B*51:193"
"B*51:01","B*51:169"
"B*51:01","B*51:166"
"B*51:01","B*51:165"
"B*51:01","B*51:164"
"B*51:01","B*51:142"
"B*51:01","B*51:51"
"B*51:01","B*51:48"
"B*51:01","B*51:32"
"B*51:01","B*51:30"
"B*51:01","B*51:11N"
"B*51:01","B*51:01"
"B*51:02","B*51:385"
"B*51:02","B*51:02"
"B*51:04","B*51:396"
"B*51:04","B*51:04"
"B*51:05","B*51:05"
"B*51:06","B*51:06"
"B*51:08","B*51:263"
"B*51:08","B*51:08"
"B*51:09","B*51:259"
"B*51:09","B*51:09"
"B*51:42","B*51:359"
"B*51:42","B*51:42"
"B*51:153","B*51:153"
"B*52:01","B*52:125"
"B*52:01","B*52:124N"
"B*52:01","B*52:117"
"B*52:01","B*52:108"
"B*52:01","B*52:103N"
"B*52:01","B*52:100"
"B*52:01","B*52:95"
"B*52:01","B*52:94N"
"B*52:01","B*52:93"
"B*52:01","B*52:91"
"B*52:01","B*52:90"
"B*52:01","B*52:86"
"B*52:01","B*52:80"
"B*52:01","B*52:79"
"B*52:01","B*52:53"
"B*52:01","B*52:36"
"B*52:01","B*52:07"
"B*52:01","B*52:01"
"B*52:01","B*52:127"
"B*52:01","B*52:104"
"B*52:01","B*52:102"
"B*52:01","B*52:85"
"B*53:01","B*53:82"
"B*53:01","B*53:79"
"B*53:01","B*53:73"
"B*53:01","B*53:66"
"B*53:01","B*53:64"
"B*53:01","B*53:59"
"B*53:01","B*53:54"
"B*53:01","B*53:51"
"B*53:01","B*53:37"
"B*53:01","B*53:01"
"B*53:75","B*53:75"
"B*54:01","B*54:51"
"B*54:01","B*54:50"
"B*54:01","B*54:49N"
"B*54:01","B*54:48"
"B*54:01","B*54:32"
"B*54:01","B*54:17"
"B*54:01","B*54:01"
"B*55:01","B*55:139"
"B*55:01","B*55:125N"
"B*55:01","B*55:116"
"B*55:01","B*55:114"
"B*55:01","B*55:111"
"B*55:01","B*55:109"
"B*55:01","B*55:108"
"B*55:01","B*55:102"
"B*55:01","B*55:98"
"B*55:01","B*55:97N"
"B*55:01","B*55:91"
"B*55:01","B*55:85"
"B*55:01","B*55:01"
"B*55:02","B*55:140"
"B*55:02","B*55:138"
"B*55:02","B*55:133"
"B*55:02","B*55:132N"
"B*55:02","B*55:131"
"B*55:02","B*55:117N"
"B*55:02","B*55:107"
"B*55:02","B*55:83N"
"B*55:02","B*55:62"
"B*55:02","B*55:02"
"B*56:01","B*56:102"
"B*56:01","B*56:101"
"B*56:01","B*56:98"
"B*56:01","B*56:92"
"B*56:01","B*56:90"
"B*56:01","B*56:83"
"B*56:01","B*56:79"
"B*56:01","B*56:72"
"B*56:01","B*56:70"
"B*56:01","B*56:69"
"B*56:01","B*56:68"
"B*56:01","B*56:55"
"B*56:01","B*56:40"
"B*56:01","B*56:24"
"B*56:01","B*56:01"
"B*56:02","B*56:02"
"B*56:04","B*56:04"
"B*57:01","B*57:199"
"B*57:01","B*57:198"
"B*57:01","B*57:191"
"B*57:01","B*57:184"
"B*57:01","B*57:173"
"B*57:01","B*57:171"
"B*57:01","B*57:169"
"B*57:01","B*57:168"
"B*57:01","B*57:166"
"B*57:01","B*57:164"
"B*57:01","B*57:163"
"B*57:01","B*57:159"
"B*57:01","B*57:158"
"B*57:01","B*57:144"
"B*57:01","B*57:138"
"B*57:01","B*57:136"
"B*57:01","B*57:135"
"B*57:01","B*57:132"
"B*57:01","B*57:130N"
"B*57:01","B*57:116"
"B*57:01","B*57:103"
"B*57:01","B*57:91"
"B*57:01","B*57:79N"
"B*57:01","B*57:55"
"B*57:01","B*57:37"
"B*57:01","B*57:29"
"B*57:01","B*57:01"
"B*57:02","B*57:02"
"B*57:03","B*57:180"
"B*57:03","B*57:170"
"B*57:03","B*57:155"
"B*57:03","B*57:124"
"B*57:03","B*57:101"
"B*57:03","B*57:94"
"B*57:03","B*57:03"
"B*58:01","B*58:165"
"B*58:01","B*58:164"
"B*58:01","B*58:163"
"B*58:01","B*58:159"
"B*58:01","B*58:158"
"B*58:01","B*58:155Q"
"B*58:01","B*58:149"
"B*58:01","B*58:140"
"B*58:01","B*58:139"
"B*58:01","B*58:133N"
"B*58:01","B*58:130N"
"B*58:01","B*58:129"
"B*58:01","B*58:120"
"B*58:01","B*58:117"
"B*58:01","B*58:113"
"B*58:01","B*58:112"
"B*58:01","B*58:108"
"B*58:01","B*58:106"
"B*58:01","B*58:105"
"B*58:01","B*58:103"
"B*58:01","B*58:101"
"B*58:01","B*58:99"
"B*58:01","B*58:95"
"B*58:01","B*58:71"
"B*58:01","B*58:66"
"B*58:01","B*58:58"
"B*58:01","B*58:57"
"B*58:01","B*58:52"
"B*58:01","B*58:51"
"B*58:01","B*58:31N"
"B*58:01","B*58:11"
"B*58:01","B*58:01"
"B*58:02","B*58:148"
"B*58:02","B*58:146"
"B*58:02","B*58:104"
"B*58:02","B*58:02"
"B*58:19","B*58:91"
"B*58:19","B*58:19"
"B*59:01","B*59:07"
"B*59:01","B*59:01"
"B*67:01","B*67:05"
"B*67:01","B*67:01"
"B*67:02","B*67:02"
"B*73:01","B*73:06"
"B*73:01","B*73:04"
"B*73:01","B*73:03"
"B*73:01","B*73:01"
"B*78:01","B*78:01"
"B*81:01","B*81:13"
"B*81:01","B*81:10"
"B*81:01","B*81:03"
"B*81:01","B*81:02"
"B*81:01","B*81:01"
"B*82:01","B*82:01"
"B*82:02","B*82:02"
"C*01:02","C*01:292"
"C*01:02","C*01:290"
"C*01:02","C*01:289"
"C*01:02","C*01:285Q"
"C*01:02","C*01:284"
"C*01:02","C*01:283"
"C*01:02","C*01:281"
"C*01:02","C*01:280"
"C*01:02","C*01:279N"
"C*01:02","C*01:278"
"C*01:02","C*01:274"
"C*01:02","C*01:272"
"C*01:02","C*01:264"
"C*01:02","C*01:261"
"C*01:02","C*01:260"
"C*01:02","C*01:259"
"C*01:02","C*01:258"
"C*01:02","C*01:257N"
"C*01:02","C*01:254"
"C*01:02","C*01:250"
"C*01:02","C*01:247"
"C*01:02","C*01:243"
"C*01:02","C*01:242"
"C*01:02","C*01:239"
"C*01:02","C*01:237"
"C*01:02","C*01:234"
"C*01:02","C*01:232"
"C*01:02","C*01:230"
"C*01:02","C*01:219"
"C*01:02","C*01:217"
"C*01:02","C*01:216"
"C*01:02","C*01:214"
"C*01:02","C*01:213"
"C*01:02","C*01:206"
"C*01:02","C*01:200"
"C*01:02","C*01:194"
"C*01:02","C*01:191"
"C*01:02","C*01:187"
"C*01:02","C*01:185Q"
"C*01:02","C*01:183"
"C*01:02","C*01:182"
"C*01:02","C*01:181N"
"C*01:02","C*01:180"
"C*01:02","C*01:179"
"C*01:02","C*01:175"
"C*01:02","C*01:174"
"C*01:02","C*01:173"
"C*01:02","C*01:172"
"C*01:02","C*01:165"
"C*01:02","C*01:164"
"C*01:02","C*01:159"
"C*01:02","C*01:155"
"C*01:02","C*01:151"
"C*01:02","C*01:150"
"C*01:02","C*01:142"
"C*01:02","C*01:139"
"C*01:02","C*01:138"
"C*01:02","C*01:135"
"C*01:02","C*01:127"
"C*01:02","C*01:109N"
"C*01:02","C*01:89N"
"C*01:02","C*01:85"
"C*01:02","C*01:84"
"C*01:02","C*01:83"
"C*01:02","C*01:82"
"C*01:02","C*01:44"
"C*01:02","C*01:25"
"C*01:02","C*01:02"
"C*01:03","C*01:24"
"C*01:03","C*01:03"
"C*01:147","C*01:147"
"C*02:02","C*02:249"
"C*02:02","C*02:244"
"C*02:02","C*02:243"
"C*02:02","C*02:240Q"
"C*02:02","C*02:239"
"C*02:02","C*02:236"
"C*02:02","C*02:218N"
"C*02:02","C*02:215Q"
"C*02:02","C*02:214"
"C*02:02","C*02:212"
"C*02:02","C*02:207"
"C*02:02","C*02:206"
"C*02:02","C*02:205Q"
"C*02:02","C*02:204"
"C*02:02","C*02:200"
"C*02:02","C*02:199"
"C*02:02","C*02:198"
"C*02:02","C*02:194"
"C*02:02","C*02:193N"
"C*02:02","C*02:188"
"C*02:02","C*02:186"
"C*02:02","C*02:183"
"C*02:02","C*02:179"
"C*02:02","C*02:178"
"C*02:02","C*02:175"
"C*02:02","C*02:173"
"C*02:02","C*02:172"
"C*02:02","C*02:171"
"C*02:02","C*02:170"
"C*02:02","C*02:163"
"C*02:02","C*02:155"
"C*02:02","C*02:154"
"C*02:02","C*02:153"
"C*02:02","C*02:151"
"C*02:02","C*02:150N"
"C*02:02","C*02:147"
"C*02:02","C*02:145"
"C*02:02","C*02:138"
"C*02:02","C*02:106"
"C*02:02","C*02:83"
"C*02:02","C*02:70"
"C*02:02","C*02:69"
"C*02:02","C*02:29"
"C*02:02","C*02:10"
"C*02:02","C*02:02"
"C*02:08","C*02:08"
"C*02:10","C*02:255"
"C*02:10","C*02:254N"
"C*02:10","C*02:238"
"C*02:10","C*02:226"
"C*02:10","C*02:220"
"C*02:10","C*02:211Q"
"C*02:10","C*02:176"
"C*02:10","C*02:174"
"C*02:10","C*02:169N"
"C*02:10","C*02:168"
"C*02:10","C*02:10"
"C*02:10","C*02:02"
"C*02:14","C*02:14"
"C*02:16","C*02:16"
"C*03:02","C*03:724"
"C*03:02","C*03:711"
"C*03:02","C*03:706N"
"C*03:02","C*03:698"
"C*03:02","C*03:696"
"C*03:02","C*03:668"
"C*03:02","C*03:666Q"
"C*03:02","C*03:641"
"C*03:02","C*03:638"
"C*03:02","C*03:637"
"C*03:02","C*03:623"
"C*03:02","C*03:618N"
"C*03:02","C*03:615"
"C*03:02","C*03:614"
"C*03:02","C*03:613"
"C*03:02","C*03:589"
"C*03:02","C*03:561"
"C*03:02","C*03:497"
"C*03:02","C*03:489"
"C*03:02","C*03:473"
"C*03:02","C*03:452"
"C*03:02","C*03:425"
"C*03:02","C*03:411"
"C*03:02","C*03:373"
"C*03:02","C*03:226"
"C*03:02","C*03:224N"
"C*03:02","C*03:146"
"C*03:02","C*03:02"
"C*03:03","C*03:700"
"C*03:03","C*03:699"
"C*03:03","C*03:693"
"C*03:03","C*03:691"
"C*03:03","C*03:685"
"C*03:03","C*03:679"
"C*03:03","C*03:651"
"C*03:03","C*03:636N"
"C*03:03","C*03:632"
"C*03:03","C*03:624"
"C*03:03","C*03:622"
"C*03:03","C*03:616"
"C*03:03","C*03:606"
"C*03:03","C*03:597"
"C*03:03","C*03:595"
"C*03:03","C*03:594"
"C*03:03","C*03:592"
"C*03:03","C*03:587"
"C*03:03","C*03:582"
"C*03:03","C*03:578"
"C*03:03","C*03:563"
"C*03:03","C*03:560N"
"C*03:03","C*03:545"
"C*03:03","C*03:533"
"C*03:03","C*03:528"
"C*03:03","C*03:527"
"C*03:03","C*03:517"
"C*03:03","C*03:503"
"C*03:03","C*03:490"
"C*03:03","C*03:481"
"C*03:03","C*03:477"
"C*03:03","C*03:471"
"C*03:03","C*03:460"
"C*03:03","C*03:432N"
"C*03:03","C*03:422"
"C*03:03","C*03:421N"
"C*03:03","C*03:418"
"C*03:03","C*03:383"
"C*03:03","C*03:380N"
"C*03:03","C*03:378"
"C*03:03","C*03:372"
"C*03:03","C*03:370"
"C*03:03","C*03:357"
"C*03:03","C*03:341"
"C*03:03","C*03:327"
"C*03:03","C*03:312"
"C*03:03","C*03:237"
"C*03:03","C*03:227"
"C*03:03","C*03:207"
"C*03:03","C*03:206"
"C*03:03","C*03:205"
"C*03:03","C*03:171"
"C*03:03","C*03:62"
"C*03:03","C*03:20N"
"C*03:03","C*03:03"
"C*03:04","C*03:731"
"C*03:04","C*03:728Q"
"C*03:04","C*03:714"
"C*03:04","C*03:707"
"C*03:04","C*03:702"
"C*03:04","C*03:701"
"C*03:04","C*03:687"
"C*03:04","C*03:678"
"C*03:04","C*03:656"
"C*03:04","C*03:655"
"C*03:04","C*03:649"
"C*03:04","C*03:642"
"C*03:04","C*03:633"
"C*03:04","C*03:621"
"C*03:04","C*03:605"
"C*03:04","C*03:603"
"C*03:04","C*03:602"
"C*03:04","C*03:599"
"C*03:04","C*03:593"
"C*03:04","C*03:581"
"C*03:04","C*03:576"
"C*03:04","C*03:572"
"C*03:04","C*03:569"
"C*03:04","C*03:562"
"C*03:04","C*03:558"
"C*03:04","C*03:548"
"C*03:04","C*03:543"
"C*03:04","C*03:538"
"C*03:04","C*03:523"
"C*03:04","C*03:500"
"C*03:04","C*03:499"
"C*03:04","C*03:498"
"C*03:04","C*03:496"
"C*03:04","C*03:492"
"C*03:04","C*03:491"
"C*03:04","C*03:486"
"C*03:04","C*03:485"
"C*03:04","C*03:484"
"C*03:04","C*03:480"
"C*03:04","C*03:478"
"C*03:04","C*03:470N"
"C*03:04","C*03:467"
"C*03:04","C*03:466"
"C*03:04","C*03:456"
"C*03:04","C*03:455"
"C*03:04","C*03:441"
"C*03:04","C*03:423"
"C*03:04","C*03:417"
"C*03:04","C*03:408"
"C*03:04","C*03:387"
"C*03:04","C*03:381"
"C*03:04","C*03:376"
"C*03:04","C*03:369"
"C*03:04","C*03:366N"
"C*03:04","C*03:359"
"C*03:04","C*03:358"
"C*03:04","C*03:354"
"C*03:04","C*03:303"
"C*03:04","C*03:294"
"C*03:04","C*03:252"
"C*03:04","C*03:236"
"C*03:04","C*03:219"
"C*03:04","C*03:218"
"C*03:04","C*03:213"
"C*03:04","C*03:212"
"C*03:04","C*03:211"
"C*03:04","C*03:106"
"C*03:04","C*03:105"
"C*03:04","C*03:101"
"C*03:04","C*03:100"
"C*03:04","C*03:04"
"C*03:04","C*03:648"
"C*03:04","C*03:502Q"
"C*03:04","C*03:483"
"C*03:04","C*03:442Q"
"C*03:04","C*03:424N"
"C*03:04","C*03:362"
"C*03:05","C*03:482"
"C*03:05","C*03:407"
"C*03:05","C*03:335"
"C*03:05","C*03:05"
"C*03:06","C*03:06"
"C*03:07","C*03:07"
"C*03:09","C*03:09"
"C*03:13","C*03:13"
"C*03:14","C*03:361"
"C*03:14","C*03:14"
"C*03:32","C*03:32"
"C*03:35","C*03:35"
"C*03:40","C*03:279"
"C*03:40","C*03:40"
"C*03:140","C*03:140"
"C*03:344","C*03:344"
"C*03:404","C*03:404"
"C*03:535","C*03:535"
"C*04:01","C*04:554"
"C*04:01","C*04:552"
"C*04:01","C*04:549"
"C*04:01","C*04:544"
"C*04:01","C*04:538"
"C*04:01","C*04:537"
"C*04:01","C*04:536"
"C*04:01","C*04:533"
"C*04:01","C*04:532"
"C*04:01","C*04:531"
"C*04:01","C*04:529"
"C*04:01","C*04:527"
"C*04:01","C*04:523"
"C*04:01","C*04:521"
"C*04:01","C*04:520"
"C*04:01","C*04:513"
"C*04:01","C*04:512"
"C*04:01","C*04:511"
"C*04:01","C*04:508"
"C*04:01","C*04:503Q"
"C*04:01","C*04:502"
"C*04:01","C*04:497"
"C*04:01","C*04:495"
"C*04:01","C*04:494"
"C*04:01","C*04:493"
"C*04:01","C*04:491"
"C*04:01","C*04:488"
"C*04:01","C*04:482"
"C*04:01","C*04:475"
"C*04:01","C*04:474"
"C*04:01","C*04:472"
"C*04:01","C*04:471"
"C*04:01","C*04:470"
"C*04:01","C*04:469"
"C*04:01","C*04:460"
"C*04:01","C*04:456Q"
"C*04:01","C*04:454"
"C*04:01","C*04:453"
"C*04:01","C*04:452N"
"C*04:01","C*04:451"
"C*04:01","C*04:450"
"C*04:01","C*04:444"
"C*04:01","C*04:442"
"C*04:01","C*04:441"
"C*04:01","C*04:440"
"C*04:01","C*04:438"
"C*04:01","C*04:437"
"C*04:01","C*04:435"
"C*04:01","C*04:434"
"C*04:01","C*04:432"
"C*04:01","C*04:431"
"C*04:01","C*04:430"
"C*04:01","C*04:424"
"C*04:01","C*04:423"
"C*04:01","C*04:418"
"C*04:01","C*04:411N"
"C*04:01","C*04:409"
"C*04:01","C*04:407"
"C*04:01","C*04:406"
"C*04:01","C*04:403"
"C*04:01","C*04:399"
"C*04:01","C*04:398"
"C*04:01","C*04:397"
"C*04:01","C*04:395"
"C*04:01","C*04:394"
"C*04:01","C*04:392"
"C*04:01","C*04:391"
"C*04:01","C*04:390"
"C*04:01","C*04:389"
"C*04:01","C*04:388"
"C*04:01","C*04:384"
"C*04:01","C*04:380"
"C*04:01","C*04:375"
"C*04:01","C*04:372"
"C*04:01","C*04:358"
"C*04:01","C*04:356"
"C*04:01","C*04:348"
"C*04:01","C*04:339"
"C*04:01","C*04:330"
"C*04:01","C*04:329"
"C*04:01","C*04:328"
"C*04:01","C*04:327"
"C*04:01","C*04:322"
"C*04:01","C*04:321"
"C*04:01","C*04:320"
"C*04:01","C*04:318"
"C*04:01","C*04:310"
"C*04:01","C*04:308"
"C*04:01","C*04:306"
"C*04:01","C*04:298"
"C*04:01","C*04:295"
"C*04:01","C*04:289"
"C*04:01","C*04:287"
"C*04:01","C*04:277"
"C*04:01","C*04:275"
"C*04:01","C*04:274"
"C*04:01","C*04:267"
"C*04:01","C*04:226"
"C*04:01","C*04:195"
"C*04:01","C*04:165"
"C*04:01","C*04:162"
"C*04:01","C*04:161"
"C*04:01","C*04:146"
"C*04:01","C*04:144"
"C*04:01","C*04:106"
"C*04:01","C*04:84"
"C*04:01","C*04:82"
"C*04:01","C*04:79"
"C*04:01","C*04:41"
"C*04:01","C*04:30"
"C*04:01","C*04:28"
"C*04:01","C*04:09L"
"C*04:01","C*04:01"
"C*04:03","C*04:337"
"C*04:03","C*04:286"
"C*04:03","C*04:03"
"C*04:04","C*04:547"
"C*04:04","C*04:04"
"C*04:06","C*04:357"
"C*04:06","C*04:06"
"C*04:10","C*04:347"
"C*04:10","C*04:10"
"C*04:13","C*04:13"
"C*04:32","C*04:32"
"C*04:59","C*04:428Q"
"C*04:59","C*04:59Q"
"C*04:65","C*04:65"
"C*04:304","C*04:304"
"C*04:313","C*04:313"
"C*04:355","C*04:427"
"C*04:355","C*04:355"
"C*04:360","C*04:477"
"C*04:360","C*04:360"
"C*04:500","C*04:500"
"C*04:501","C*04:501"
"C*05:01","C*05:312"
"C*05:01","C*05:308"
"C*05:01","C*05:302"
"C*05:01","C*05:301"
"C*05:01","C*05:293"
"C*05:01","C*05:291N"
"C*05:01","C*05:287"
"C*05:01","C*05:286"
"C*05:01","C*05:285"
"C*05:01","C*05:283"
"C*05:01","C*05:282Q"
"C*05:01","C*05:279"
"C*05:01","C*05:278N"
"C*05:01","C*05:277"
"C*05:01","C*05:275"
"C*05:01","C*05:273"
"C*05:01","C*05:267"
"C*05:01","C*05:266"
"C*05:01","C*05:261"
"C*05:01","C*05:260N"
"C*05:01","C*05:255"
"C*05:01","C*05:248"
"C*05:01","C*05:246"
"C*05:01","C*05:243"
"C*05:01","C*05:242"
"C*05:01","C*05:239N"
"C*05:01","C*05:232"
"C*05:01","C*05:231"
"C*05:01","C*05:226"
"C*05:01","C*05:225"
"C*05:01","C*05:224"
"C*05:01","C*05:222"
"C*05:01","C*05:221"
"C*05:01","C*05:212"
"C*05:01","C*05:204"
"C*05:01","C*05:199"
"C*05:01","C*05:192"
"C*05:01","C*05:187"
"C*05:01","C*05:179"
"C*05:01","C*05:172"
"C*05:01","C*05:161"
"C*05:01","C*05:158"
"C*05:01","C*05:153N"
"C*05:01","C*05:145"
"C*05:01","C*05:108"
"C*05:01","C*05:93"
"C*05:01","C*05:53"
"C*05:01","C*05:37"
"C*05:01","C*05:03"
"C*05:01","C*05:01"
"C*05:46","C*05:46"
"C*05:99","C*05:292N"
"C*05:99","C*05:99N"
"C*05:171","C*05:171"
"C*05:178","C*05:178"
"C*05:216","C*05:216"
"C*06:02","C*06:406"
"C*06:02","C*06:405N"
"C*06:02","C*06:403"
"C*06:02","C*06:402"
"C*06:02","C*06:401Q"
"C*06:02","C*06:397"
"C*06:02","C*06:396Q"
"C*06:02","C*06:393"
"C*06:02","C*06:387"
"C*06:02","C*06:382"
"C*06:02","C*06:375"
"C*06:02","C*06:374"
"C*06:02","C*06:372"
"C*06:02","C*06:370"
"C*06:02","C*06:360"
"C*06:02","C*06:359N"
"C*06:02","C*06:355"
"C*06:02","C*06:349"
"C*06:02","C*06:346"
"C*06:02","C*06:337"
"C*06:02","C*06:336Q"
"C*06:02","C*06:333"
"C*06:02","C*06:332"
"C*06:02","C*06:329"
"C*06:02","C*06:328"
"C*06:02","C*06:327"
"C*06:02","C*06:324"
"C*06:02","C*06:315"
"C*06:02","C*06:314"
"C*06:02","C*06:312"
"C*06:02","C*06:310"
"C*06:02","C*06:308"
"C*06:02","C*06:302"
"C*06:02","C*06:297"
"C*06:02","C*06:294"
"C*06:02","C*06:289"
"C*06:02","C*06:288"
"C*06:02","C*06:287"
"C*06:02","C*06:285Q"
"C*06:02","C*06:283"
"C*06:02","C*06:279"
"C*06:02","C*06:278"
"C*06:02","C*06:277"
"C*06:02","C*06:276"
"C*06:02","C*06:275"
"C*06:02","C*06:274"
"C*06:02","C*06:273"
"C*06:02","C*06:272"
"C*06:02","C*06:268"
"C*06:02","C*06:266"
"C*06:02","C*06:262"
"C*06:02","C*06:261"
"C*06:02","C*06:260"
"C*06:02","C*06:258"
"C*06:02","C*06:255"
"C*06:02","C*06:246"
"C*06:02","C*06:244"
"C*06:02","C*06:240"
"C*06:02","C*06:239"
"C*06:02","C*06:238"
"C*06:02","C*06:236"
"C*06:02","C*06:234"
"C*06:02","C*06:228"
"C*06:02","C*06:227"
"C*06:02","C*06:214"
"C*06:02","C*06:213"
"C*06:02","C*06:211"
"C*06:02","C*06:201"
"C*06:02","C*06:176"
"C*06:02","C*06:146"
"C*06:02","C*06:111"
"C*06:02","C*06:83"
"C*06:02","C*06:73"
"C*06:02","C*06:55"
"C*06:02","C*06:46N"
"C*06:02","C*06:02"
"C*06:02","C*06:17"
"C*06:04","C*06:04"
"C*06:06","C*06:271"
"C*06:06","C*06:06"
"C*06:30","C*06:30"
"C*06:87","C*06:330"
"C*06:87","C*06:87"
"C*06:127","C*06:127"
"C*06:155","C*06:155"
"C*06:171","C*06:171"
"C*06:313","C*06:389"
"C*06:313","C*06:313"
"C*06:351","C*06:351"
"C*07:01","C*07:1208"
"C*07:01","C*07:1201"
"C*07:01","C*07:1185"
"C*07:01","C*07:1184"
"C*07:01","C*07:1181"
"C*07:01","C*07:1178"
"C*07:01","C*07:1169"
"C*07:01","C*07:1168"
"C*07:01","C*07:1161"
"C*07:01","C*07:1160Q"
"C*07:01","C*07:1153"
"C*07:01","C*07:1152"
"C*07:01","C*07:1151"
"C*07:01","C*07:1132"
"C*07:01","C*07:1131"
"C*07:01","C*07:1112"
"C*07:01","C*07:1110"
"C*07:01","C*07:1103"
"C*07:01","C*07:1099"
"C*07:01","C*07:1097"
"C*07:01","C*07:1096"
"C*07:01","C*07:1095"
"C*07:01","C*07:1093"
"C*07:01","C*07:1082"
"C*07:01","C*07:1064"
"C*07:01","C*07:1055"
"C*07:01","C*07:1051"
"C*07:01","C*07:1049"
"C*07:01","C*07:1048"
"C*07:01","C*07:1047"
"C*07:01","C*07:1030"
"C*07:01","C*07:1023"
"C*07:01","C*07:1022"
"C*07:01","C*07:1001N"
"C*07:01","C*07:1000"
"C*07:01","C*07:985"
"C*07:01","C*07:983"
"C*07:01","C*07:961"
"C*07:01","C*07:955"
"C*07:01","C*07:952"
"C*07:01","C*07:949"
"C*07:01","C*07:945"
"C*07:01","C*07:944"
"C*07:01","C*07:943"
"C*07:01","C*07:935"
"C*07:01","C*07:934N"
"C*07:01","C*07:933"
"C*07:01","C*07:931"
"C*07:01","C*07:930"
"C*07:01","C*07:928"
"C*07:01","C*07:925"
"C*07:01","C*07:903"
"C*07:01","C*07:882"
"C*07:01","C*07:879"
"C*07:01","C*07:877"
"C*07:01","C*07:875"
"C*07:01","C*07:859"
"C*07:01","C*07:848"
"C*07:01","C*07:843"
"C*07:01","C*07:841"
"C*07:01","C*07:833N"
"C*07:01","C*07:832"
"C*07:01","C*07:825"
"C*07:01","C*07:824"
"C*07:01","C*07:823"
"C*07:01","C*07:814"
"C*07:01","C*07:813"
"C*07:01","C*07:811"
"C*07:01","C*07:808"
"C*07:01","C*07:805"
"C*07:01","C*07:803"
"C*07:01","C*07:800"
"C*07:01","C*07:796N"
"C*07:01","C*07:795"
"C*07:01","C*07:782"
"C*07:01","C*07:781"
"C*07:01","C*07:778"
"C*07:01","C*07:777"
"C*07:01","C*07:762"
"C*07:01","C*07:760"
"C*07:01","C*07:739"
"C*07:01","C*07:735"
"C*07:01","C*07:734"
"C*07:01","C*07:732"
"C*07:01","C*07:721"
"C*07:01","C*07:708"
"C*07:01","C*07:706"
"C*07:01","C*07:696"
"C*07:01","C*07:694"
"C*07:01","C*07:687"
"C*07:01","C*07:685"
"C*07:01","C*07:682"
"C*07:01","C*07:658"
"C*07:01","C*07:657"
"C*07:01","C*07:624"
"C*07:01","C*07:623"
"C*07:01","C*07:621"
"C*07:01","C*07:619"
"C*07:01","C*07:618"
"C*07:01","C*07:617"
"C*07:01","C*07:615"
"C*07:01","C*07:610"
"C*07:01","C*07:607"
"C*07:01","C*07:591"
"C*07:01","C*07:588"
"C*07:01","C*07:458"
"C*07:01","C*07:419"
"C*07:01","C*07:343"
"C*07:01","C*07:337"
"C*07:01","C*07:166"
"C*07:01","C*07:153"
"C*07:01","C*07:52"
"C*07:01","C*07:18"
"C*07:01","C*07:06"
"C*07:01","C*07:01"
"C*07:02","C*07:1216"
"C*07:02","C*07:1210N"
"C*07:02","C*07:1209"
"C*07:02","C*07:1202"
"C*07:02","C*07:1193"
"C*07:02","C*07:1190"
"C*07:02","C*07:1187"
"C*07:02","C*07:1179"
"C*07:02","C*07:1158"
"C*07:02","C*07:1156"
"C*07:02","C*07:1145N"
"C*07:02","C*07:1143"
"C*07:02","C*07:1141"
"C*07:02","C*07:1114Q"
"C*07:02","C*07:1111"
"C*07:02","C*07:1105"
"C*07:02","C*07:1101"
"C*07:02","C*07:1098"
"C*07:02","C*07:1086"
"C*07:02","C*07:1084"
"C*07:02","C*07:1083"
"C*07:02","C*07:1068"
"C*07:02","C*07:1058"
"C*07:02","C*07:1054N"
"C*07:02","C*07:1052"
"C*07:02","C*07:1046"
"C*07:02","C*07:1038"
"C*07:02","C*07:1029"
"C*07:02","C*07:1021"
"C*07:02","C*07:1019"
"C*07:02","C*07:1015"
"C*07:02","C*07:1014Q"
"C*07:02","C*07:1004"
"C*07:02","C*07:978"
"C*07:02","C*07:976"
"C*07:02","C*07:972"
"C*07:02","C*07:971"
"C*07:02","C*07:969"
"C*07:02","C*07:968"
"C*07:02","C*07:966"
"C*07:02","C*07:965"
"C*07:02","C*07:962"
"C*07:02","C*07:956"
"C*07:02","C*07:950"
"C*07:02","C*07:946"
"C*07:02","C*07:924"
"C*07:02","C*07:906"
"C*07:02","C*07:904"
"C*07:02","C*07:890"
"C*07:02","C*07:888"
"C*07:02","C*07:886N"
"C*07:02","C*07:885"
"C*07:02","C*07:883"
"C*07:02","C*07:880"
"C*07:02","C*07:862"
"C*07:02","C*07:853"
"C*07:02","C*07:840N"
"C*07:02","C*07:837"
"C*07:02","C*07:829"
"C*07:02","C*07:826"
"C*07:02","C*07:822"
"C*07:02","C*07:818"
"C*07:02","C*07:810"
"C*07:02","C*07:809"
"C*07:02","C*07:807N"
"C*07:02","C*07:801"
"C*07:02","C*07:799"
"C*07:02","C*07:798"
"C*07:02","C*07:791"
"C*07:02","C*07:790"
"C*07:02","C*07:789"
"C*07:02","C*07:785"
"C*07:02","C*07:783"
"C*07:02","C*07:779"
"C*07:02","C*07:772"
"C*07:02","C*07:769"
"C*07:02","C*07:768"
"C*07:02","C*07:767"
"C*07:02","C*07:766"
"C*07:02","C*07:759"
"C*07:02","C*07:743N"
"C*07:02","C*07:741"
"C*07:02","C*07:740"
"C*07:02","C*07:738"
"C*07:02","C*07:737"
"C*07:02","C*07:736"
"C*07:02","C*07:722"
"C*07:02","C*07:707"
"C*07:02","C*07:704"
"C*07:02","C*07:703"
"C*07:02","C*07:688"
"C*07:02","C*07:686N"
"C*07:02","C*07:684"
"C*07:02","C*07:676"
"C*07:02","C*07:675N"
"C*07:02","C*07:667"
"C*07:02","C*07:666"
"C*07:02","C*07:665"
"C*07:02","C*07:661"
"C*07:02","C*07:612"
"C*07:02","C*07:608"
"C*07:02","C*07:596"
"C*07:02","C*07:595"
"C*07:02","C*07:594"
"C*07:02","C*07:593N"
"C*07:02","C*07:592"
"C*07:02","C*07:566"
"C*07:02","C*07:544"
"C*07:02","C*07:533"
"C*07:02","C*07:500"
"C*07:02","C*07:486"
"C*07:02","C*07:446"
"C*07:02","C*07:359"
"C*07:02","C*07:350N"
"C*07:02","C*07:349"
"C*07:02","C*07:348"
"C*07:02","C*07:308"
"C*07:02","C*07:245"
"C*07:02","C*07:167"
"C*07:02","C*07:160"
"C*07:02","C*07:159"
"C*07:02","C*07:74"
"C*07:02","C*07:66"
"C*07:02","C*07:50"
"C*07:02","C*07:02"
"C*07:04","C*07:1215"
"C*07:04","C*07:1189"
"C*07:04","C*07:1170"
"C*07:04","C*07:1033"
"C*07:04","C*07:948"
"C*07:04","C*07:926"
"C*07:04","C*07:876"
"C*07:04","C*07:852"
"C*07:04","C*07:831"
"C*07:04","C*07:797N"
"C*07:04","C*07:693"
"C*07:04","C*07:674"
"C*07:04","C*07:622"
"C*07:04","C*07:586"
"C*07:04","C*07:585"
"C*07:04","C*07:324"
"C*07:04","C*07:11"
"C*07:04","C*07:04"
"C*07:13","C*07:13"
"C*07:17","C*07:17"
"C*07:19","C*07:639"
"C*07:19","C*07:19"
"C*07:22","C*07:847"
"C*07:22","C*07:22"
"C*07:26","C*07:845"
"C*07:26","C*07:26"
"C*07:27","C*07:830"
"C*07:27","C*07:27"
"C*07:29","C*07:29"
"C*07:33","C*07:936N"
"C*07:33","C*07:33N"
"C*07:35","C*07:1157"
"C*07:35","C*07:35"
"C*07:37","C*07:37"
"C*07:93","C*07:93"
"C*07:95","C*07:1108"
"C*07:95","C*07:95"
"C*07:165","C*07:815"
"C*07:165","C*07:165"
"C*07:212","C*07:1159"
"C*07:212","C*07:212"
"C*07:287","C*07:287"
"C*07:386","C*07:1139"
"C*07:386","C*07:386"
"C*07:450","C*07:959"
"C*07:450","C*07:450"
"C*07:514","C*07:514"
"C*07:558","C*07:558"
"C*07:659","C*07:659"
"C*07:695","C*07:695"
"C*07:726","C*07:776N"
"C*07:726","C*07:726N"
"C*07:729","C*07:729"
"C*07:787","C*07:1042N"
"C*07:787","C*07:787N"
"C*07:905","C*07:905"
"C*07:919","C*07:1025"
"C*07:919","C*07:919"
"C*07:975","C*07:975"
"C*07:993","C*07:993"
"C*07:1091","C*07:1091"
"C*08:01","C*08:305Q"
"C*08:01","C*08:301"
"C*08:01","C*08:299"
"C*08:01","C*08:293"
"C*08:01","C*08:290"
"C*08:01","C*08:289"
"C*08:01","C*08:284"
"C*08:01","C*08:272"
"C*08:01","C*08:259"
"C*08:01","C*08:254"
"C*08:01","C*08:253"
"C*08:01","C*08:252"
"C*08:01","C*08:250"
"C*08:01","C*08:236N"
"C*08:01","C*08:235"
"C*08:01","C*08:232"
"C*08:01","C*08:220"
"C*08:01","C*08:217"
"C*08:01","C*08:212"
"C*08:01","C*08:210"
"C*08:01","C*08:204"
"C*08:01","C*08:199"
"C*08:01","C*08:197"
"C*08:01","C*08:196"
"C*08:01","C*08:194"
"C*08:01","C*08:187"
"C*08:01","C*08:186"
"C*08:01","C*08:178"
"C*08:01","C*08:164"
"C*08:01","C*08:148"
"C*08:01","C*08:147"
"C*08:01","C*08:128"
"C*08:01","C*08:102"
"C*08:01","C*08:99"
"C*08:01","C*08:87"
"C*08:01","C*08:86"
"C*08:01","C*08:78"
"C*08:01","C*08:24"
"C*08:01","C*08:22"
"C*08:01","C*08:20"
"C*08:01","C*08:01"
"C*08:02","C*08:304"
"C*08:02","C*08:295"
"C*08:02","C*08:291"
"C*08:02","C*08:287"
"C*08:02","C*08:280"
"C*08:02","C*08:275"
"C*08:02","C*08:271"
"C*08:02","C*08:266"
"C*08:02","C*08:258"
"C*08:02","C*08:257"
"C*08:02","C*08:231"
"C*08:02","C*08:230"
"C*08:02","C*08:229"
"C*08:02","C*08:227"
"C*08:02","C*08:226"
"C*08:02","C*08:225Q"
"C*08:02","C*08:215"
"C*08:02","C*08:211"
"C*08:02","C*08:202"
"C*08:02","C*08:200"
"C*08:02","C*08:198"
"C*08:02","C*08:195"
"C*08:02","C*08:179"
"C*08:02","C*08:159"
"C*08:02","C*08:110"
"C*08:02","C*08:75"
"C*08:02","C*08:52N"
"C*08:02","C*08:02"
"C*08:03","C*08:297"
"C*08:03","C*08:40"
"C*08:03","C*08:03"
"C*08:04","C*08:306"
"C*08:04","C*08:04"
"C*08:12","C*08:12"
"C*08:103","C*08:103"
"C*12:02","C*12:445"
"C*12:02","C*12:444"
"C*12:02","C*12:425"
"C*12:02","C*12:424"
"C*12:02","C*12:422"
"C*12:02","C*12:351Q"
"C*12:02","C*12:338"
"C*12:02","C*12:336"
"C*12:02","C*12:307"
"C*12:02","C*12:304"
"C*12:02","C*12:303"
"C*12:02","C*12:285"
"C*12:02","C*12:281"
"C*12:02","C*12:280"
"C*12:02","C*12:261"
"C*12:02","C*12:243"
"C*12:02","C*12:234"
"C*12:02","C*12:228"
"C*12:02","C*12:02"
"C*12:03","C*12:441"
"C*12:03","C*12:431"
"C*12:03","C*12:430"
"C*12:03","C*12:421N"
"C*12:03","C*12:415"
"C*12:03","C*12:409"
"C*12:03","C*12:407"
"C*12:03","C*12:398"
"C*12:03","C*12:395"
"C*12:03","C*12:394"
"C*12:03","C*12:393Q"
"C*12:03","C*12:390"
"C*12:03","C*12:386"
"C*12:03","C*12:378"
"C*12:03","C*12:375"
"C*12:03","C*12:374"
"C*12:03","C*12:372"
"C*12:03","C*12:370"
"C*12:03","C*12:369"
"C*12:03","C*12:368"
"C*12:03","C*12:367"
"C*12:03","C*12:364"
"C*12:03","C*12:354"
"C*12:03","C*12:350"
"C*12:03","C*12:349"
"C*12:03","C*12:348"
"C*12:03","C*12:346"
"C*12:03","C*12:342Q"
"C*12:03","C*12:339"
"C*12:03","C*12:332"
"C*12:03","C*12:330Q"
"C*12:03","C*12:324N"
"C*12:03","C*12:323"
"C*12:03","C*12:322"
"C*12:03","C*12:317"
"C*12:03","C*12:306"
"C*12:03","C*12:302"
"C*12:03","C*12:300"
"C*12:03","C*12:297"
"C*12:03","C*12:295N"
"C*12:03","C*12:292"
"C*12:03","C*12:291"
"C*12:03","C*12:290"
"C*12:03","C*12:289"
"C*12:03","C*12:284"
"C*12:03","C*12:283"
"C*12:03","C*12:278"
"C*12:03","C*12:277"
"C*12:03","C*12:273"
"C*12:03","C*12:262"
"C*12:03","C*12:254"
"C*12:03","C*12:253"
"C*12:03","C*12:245"
"C*12:03","C*12:244"
"C*12:03","C*12:223"
"C*12:03","C*12:220"
"C*12:03","C*12:216"
"C*12:03","C*12:211"
"C*12:03","C*12:210"
"C*12:03","C*12:209"
"C*12:03","C*12:201"
"C*12:03","C*12:172"
"C*12:03","C*12:171"
"C*12:03","C*12:167"
"C*12:03","C*12:160"
"C*12:03","C*12:143"
"C*12:03","C*12:125"
"C*12:03","C*12:111"
"C*12:03","C*12:110"
"C*12:03","C*12:109"
"C*12:03","C*12:23"
"C*12:03","C*12:03"
"C*12:04","C*12:04"
"C*12:05","C*12:05"
"C*12:13","C*12:13"
"C*14:02","C*14:173"
"C*14:02","C*14:172"
"C*14:02","C*14:171"
"C*14:02","C*14:168"
"C*14:02","C*14:167"
"C*14:02","C*14:166"
"C*14:02","C*14:165"
"C*14:02","C*14:164"
"C*14:02","C*14:158Q"
"C*14:02","C*14:155"
"C*14:02","C*14:152"
"C*14:02","C*14:149"
"C*14:02","C*14:143"
"C*14:02","C*14:138"
"C*14:02","C*14:137"
"C*14:02","C*14:131"
"C*14:02","C*14:127"
"C*14:02","C*14:124"
"C*14:02","C*14:121"
"C*14:02","C*14:117N"
"C*14:02","C*14:115"
"C*14:02","C*14:114"
"C*14:02","C*14:111"
"C*14:02","C*14:109"
"C*14:02","C*14:102"
"C*14:02","C*14:100"
"C*14:02","C*14:60"
"C*14:02","C*14:57"
"C*14:02","C*14:31"
"C*14:02","C*14:23"
"C*14:02","C*14:02"
"C*14:03","C*14:113"
"C*14:03","C*14:112"
"C*14:03","C*14:86"
"C*14:03","C*14:03"
"C*15:02","C*15:295"
"C*15:02","C*15:288"
"C*15:02","C*15:285"
"C*15:02","C*15:282"
"C*15:02","C*15:279"
"C*15:02","C*15:270Q"
"C*15:02","C*15:267"
"C*15:02","C*15:265"
"C*15:02","C*15:264"
"C*15:02","C*15:261"
"C*15:02","C*15:255"
"C*15:02","C*15:251"
"C*15:02","C*15:239"
"C*15:02","C*15:237"
"C*15:02","C*15:231"
"C*15:02","C*15:230"
"C*15:02","C*15:223"
"C*15:02","C*15:221"
"C*15:02","C*15:220"
"C*15:02","C*15:219"
"C*15:02","C*15:215"
"C*15:02","C*15:213N"
"C*15:02","C*15:205"
"C*15:02","C*15:202"
"C*15:02","C*15:200"
"C*15:02","C*15:199"
"C*15:02","C*15:197"
"C*15:02","C*15:196"
"C*15:02","C*15:193"
"C*15:02","C*15:187"
"C*15:02","C*15:186"
"C*15:02","C*15:176"
"C*15:02","C*15:163"
"C*15:02","C*15:160N"
"C*15:02","C*15:154"
"C*15:02","C*15:151"
"C*15:02","C*15:146"
"C*15:02","C*15:97"
"C*15:02","C*15:87"
"C*15:02","C*15:82"
"C*15:02","C*15:81"
"C*15:02","C*15:47"
"C*15:02","C*15:13"
"C*15:02","C*15:02"
"C*15:04","C*15:236"
"C*15:04","C*15:04"
"C*15:05","C*15:274"
"C*15:05","C*15:234"
"C*15:05","C*15:164N"
"C*15:05","C*15:152"
"C*15:05","C*15:29"
"C*15:05","C*15:05"
"C*15:06","C*15:06"
"C*15:07","C*15:07"
"C*15:09","C*15:263"
"C*15:09","C*15:09"
"C*15:103","C*15:127"
"C*15:103","C*15:103"
"C*16:01","C*16:230"
"C*16:01","C*16:223"
"C*16:01","C*16:221"
"C*16:01","C*16:216"
"C*16:01","C*16:214"
"C*16:01","C*16:213"
"C*16:01","C*16:200"
"C*16:01","C*16:198"
"C*16:01","C*16:197"
"C*16:01","C*16:193"
"C*16:01","C*16:187"
"C*16:01","C*16:186N"
"C*16:01","C*16:185"
"C*16:01","C*16:180"
"C*16:01","C*16:178"
"C*16:01","C*16:177"
"C*16:01","C*16:172"
"C*16:01","C*16:168"
"C*16:01","C*16:164"
"C*16:01","C*16:161"
"C*16:01","C*16:160"
"C*16:01","C*16:159"
"C*16:01","C*16:158"
"C*16:01","C*16:157"
"C*16:01","C*16:154"
"C*16:01","C*16:148"
"C*16:01","C*16:146"
"C*16:01","C*16:137"
"C*16:01","C*16:118"
"C*16:01","C*16:112"
"C*16:01","C*16:111"
"C*16:01","C*16:100"
"C*16:01","C*16:97"
"C*16:01","C*16:58"
"C*16:01","C*16:01"
"C*16:02","C*16:227"
"C*16:02","C*16:224"
"C*16:02","C*16:215"
"C*16:02","C*16:181"
"C*16:02","C*16:176"
"C*16:02","C*16:155"
"C*16:02","C*16:133"
"C*16:02","C*16:90"
"C*16:02","C*16:63"
"C*16:02","C*16:02"
"C*16:04","C*16:228"
"C*16:04","C*16:04"
"C*17:01","C*17:85Q"
"C*17:01","C*17:83"
"C*17:01","C*17:80"
"C*17:01","C*17:75"
"C*17:01","C*17:74"
"C*17:01","C*17:69"
"C*17:01","C*17:68"
"C*17:01","C*17:67"
"C*17:01","C*17:57"
"C*17:01","C*17:55"
"C*17:01","C*17:54"
"C*17:01","C*17:51"
"C*17:01","C*17:50"
"C*17:01","C*17:49"
"C*17:01","C*17:47"
"C*17:01","C*17:44"
"C*17:01","C*17:43"
"C*17:01","C*17:39"
"C*17:01","C*17:38"
"C*17:01","C*17:37"
"C*17:01","C*17:03"
"C*17:01","C*17:02"
"C*17:01","C*17:01"
"C*18:01","C*18:21"
"C*18:01","C*18:15"
"C*18:01","C*18:11"
"C*18:01","C*18:02"
"C*18:01","C*18:01"
"E*01:01","E*01:148"
"E*01:01","E*01:146"
"E*01:01","E*01:143"
"E*01:01","E*01:142"
"E*01:01","E*01:140"
"E*01:01","E*01:135"
"E*01:01","E*01:134"
"E*01:01","E*01:131"
"E*01:01","E*01:130"
"E*01:01","E*01:127"
"E*01:01","E*01:125"
"E*01:01","E*01:124"
"E*01:01","E*01:121"
"E*01:01","E*01:119"
"E*01:01","E*01:118"
"E*01:01","E*01:14"
"E*01:01","E*01:12"
"E*01:01","E*01:09"
"E*01:01","E*01:01"
"E*01:03","E*01:151"
"E*01:03","E*01:147"
"E*01:03","E*01:123"
"E*01:03","E*01:122"
"E*01:03","E*01:11"
"E*01:03","E*01:10"
"E*01:03","E*01:06"
"E*01:03","E*01:03"
"E*01:03","E*01:150"
"E*01:03","E*01:149"
"E*01:03","E*01:136"
"E*01:03","E*01:133"
"E*01:03","E*01:120"
"E*01:03","E*01:17"
"E*01:41","E*01:41"
"E*01:72","E*01:72"
"F*01:01","F*01:29"
"F*01:01","F*01:23"
"F*01:01","F*01:11"
"F*01:01","F*01:08"
"F*01:01","F*01:07"
"F*01:01","F*01:05"
"F*01:01","F*01:03"
"F*01:01","F*01:02"
"F*01:01","F*01:01"
"F*01:04","F*01:04"
"F*01:14","F*01:14"
"G*01:01","G*01:63"
"G*01:01","G*01:51"
"G*01:01","G*01:50Q"
"G*01:01","G*01:49"
"G*01:01","G*01:39"
"G*01:01","G*01:38Q"
"G*01:01","G*01:37"
"G*01:01","G*01:01"
"G*01:01","G*01:52"
"G*01:01","G*01:47"
"G*01:01","G*01:45"
"G*01:01","G*01:44"
"G*01:01","G*01:26"
"G*01:01","G*01:24"
"G*01:01","G*01:18"
"G*01:01","G*01:08"
"G*01:01","G*01:06"
"G*01:01","G*01:55"
"G*01:03","G*01:03"
"G*01:04","G*01:62"
"G*01:04","G*01:54"
"G*01:04","G*01:23"
"G*01:04","G*01:21N"
"G*01:04","G*01:04"
"G*01:14","G*01:57"
"G*01:14","G*01:14"
"DRA*01:01","DRA*01:19"
"DRA*01:01","DRA*01:18"
"DRA*01:01","DRA*01:17"
"DRA*01:01","DRA*01:16"
"DRA*01:01","DRA*01:15"
"DRA*01:01","DRA*01:14"
"DRA*01:01","DRA*01:13"
"DRA*01:01","DRA*01:12"
"DRA*01:01","DRA*01:11"
"DRA*01:01","DRA*01:08"
"DRA*01:01","DRA*01:07"
"DRA*01:01","DRA*01:06"
"DRA*01:01","DRA*01:05"
"DRA*01:01","DRA*01:04"
"DRA*01:01","DRA*01:03"
"DRA*01:01","DRA*01:02"
"DRA*01:01","DRA*01:01"
"DRB1*01:01","DRB1*01:159"
"DRB1*01:01","DRB1*01:158"
"DRB1*01:01","DRB1*01:156"
"DRB1*01:01","DRB1*01:148"
"DRB1*01:01","DRB1*01:147"
"DRB1*01:01","DRB1*01:145"
"DRB1*01:01","DRB1*01:144"
"DRB1*01:01","DRB1*01:141"
"DRB1*01:01","DRB1*01:139"
"DRB1*01:01","DRB1*01:137"
"DRB1*01:01","DRB1*01:132"
"DRB1*01:01","DRB1*01:129"
"DRB1*01:01","DRB1*01:128"
"DRB1*01:01","DRB1*01:121"
"DRB1*01:01","DRB1*01:120"
"DRB1*01:01","DRB1*01:119"
"DRB1*01:01","DRB1*01:117"
"DRB1*01:01","DRB1*01:115"
"DRB1*01:01","DRB1*01:107"
"DRB1*01:01","DRB1*01:104"
"DRB1*01:01","DRB1*01:103"
"DRB1*01:01","DRB1*01:100"
"DRB1*01:01","DRB1*01:98"
"DRB1*01:01","DRB1*01:95"
"DRB1*01:01","DRB1*01:91Q"
"DRB1*01:01","DRB1*01:82"
"DRB1*01:01","DRB1*01:77"
"DRB1*01:01","DRB1*01:67"
"DRB1*01:01","DRB1*01:50"
"DRB1*01:01","DRB1*01:01"
"DRB1*01:02","DRB1*01:152"
"DRB1*01:02","DRB1*01:140"
"DRB1*01:02","DRB1*01:138"
"DRB1*01:02","DRB1*01:136"
"DRB1*01:02","DRB1*01:126"
"DRB1*01:02","DRB1*01:122"
"DRB1*01:02","DRB1*01:97"
"DRB1*01:02","DRB1*01:96"
"DRB1*01:02","DRB1*01:94"
"DRB1*01:02","DRB1*01:88"
"DRB1*01:02","DRB1*01:87"
"DRB1*01:02","DRB1*01:83"
"DRB1*01:02","DRB1*01:02"
"DRB1*01:03","DRB1*01:155"
"DRB1*01:03","DRB1*01:102"
"DRB1*01:03","DRB1*01:03"
"DRB1*03:01","DRB1*03:224"
"DRB1*03:01","DRB1*03:221"
"DRB1*03:01","DRB1*03:217"
"DRB1*03:01","DRB1*03:210"
"DRB1*03:01","DRB1*03:209"
"DRB1*03:01","DRB1*03:204N"
"DRB1*03:01","DRB1*03:202"
"DRB1*03:01","DRB1*03:201"
"DRB1*03:01","DRB1*03:199"
"DRB1*03:01","DRB1*03:197"
"DRB1*03:01","DRB1*03:196"
"DRB1*03:01","DRB1*03:195"
"DRB1*03:01","DRB1*03:194"
"DRB1*03:01","DRB1*03:193"
"DRB1*03:01","DRB1*03:192"
"DRB1*03:01","DRB1*03:183"
"DRB1*03:01","DRB1*03:180"
"DRB1*03:01","DRB1*03:175"
"DRB1*03:01","DRB1*03:166"
"DRB1*03:01","DRB1*03:152"
"DRB1*03:01","DRB1*03:151"
"DRB1*03:01","DRB1*03:147"
"DRB1*03:01","DRB1*03:146"
"DRB1*03:01","DRB1*03:144"
"DRB1*03:01","DRB1*03:137"
"DRB1*03:01","DRB1*03:132"
"DRB1*03:01","DRB1*03:124"
"DRB1*03:01","DRB1*03:01"
"DRB1*03:02","DRB1*03:215"
"DRB1*03:02","DRB1*03:211"
"DRB1*03:02","DRB1*03:179"
"DRB1*03:02","DRB1*03:176"
"DRB1*03:02","DRB1*03:154"
"DRB1*03:02","DRB1*03:02"
"DRB1*03:07","DRB1*03:07"
"DRB1*03:15","DRB1*03:15"
"DRB1*04:01","DRB1*04:390"
"DRB1*04:01","DRB1*04:389N"
"DRB1*04:01","DRB1*04:379N"
"DRB1*04:01","DRB1*04:346"
"DRB1*04:01","DRB1*04:341"
"DRB1*04:01","DRB1*04:334"
"DRB1*04:01","DRB1*04:296"
"DRB1*04:01","DRB1*04:285"
"DRB1*04:01","DRB1*04:281"
"DRB1*04:01","DRB1*04:274"
"DRB1*04:01","DRB1*04:273"
"DRB1*04:01","DRB1*04:270"
"DRB1*04:01","DRB1*04:268"
"DRB1*04:01","DRB1*04:266N"
"DRB1*04:01","DRB1*04:257"
"DRB1*04:01","DRB1*04:254"
"DRB1*04:01","DRB1*04:248"
"DRB1*04:01","DRB1*04:243"
"DRB1*04:01","DRB1*04:242"
"DRB1*04:01","DRB1*04:01"
"DRB1*04:02","DRB1*04:348"
"DRB1*04:02","DRB1*04:336"
"DRB1*04:02","DRB1*04:287"
"DRB1*04:02","DRB1*04:02"
"DRB1*04:03","DRB1*04:386"
"DRB1*04:03","DRB1*04:384"
"DRB1*04:03","DRB1*04:370"
"DRB1*04:03","DRB1*04:362"
"DRB1*04:03","DRB1*04:353"
"DRB1*04:03","DRB1*04:352"
"DRB1*04:03","DRB1*04:350"
"DRB1*04:03","DRB1*04:349"
"DRB1*04:03","DRB1*04:340"
"DRB1*04:03","DRB1*04:311"
"DRB1*04:03","DRB1*04:307"
"DRB1*04:03","DRB1*04:300N"
"DRB1*04:03","DRB1*04:279"
"DRB1*04:03","DRB1*04:218"
"DRB1*04:03","DRB1*04:03"
"DRB1*04:04","DRB1*04:404"
"DRB1*04:04","DRB1*04:391"
"DRB1*04:04","DRB1*04:387"
"DRB1*04:04","DRB1*04:381"
"DRB1*04:04","DRB1*04:365"
"DRB1*04:04","DRB1*04:342"
"DRB1*04:04","DRB1*04:332"
"DRB1*04:04","DRB1*04:309"
"DRB1*04:04","DRB1*04:306"
"DRB1*04:04","DRB1*04:302"
"DRB1*04:04","DRB1*04:290"
"DRB1*04:04","DRB1*04:288"
"DRB1*04:04","DRB1*04:276"
"DRB1*04:04","DRB1*04:272"
"DRB1*04:04","DRB1*04:258"
"DRB1*04:04","DRB1*04:04"
"DRB1*04:05","DRB1*04:399"
"DRB1*04:05","DRB1*04:395"
"DRB1*04:05","DRB1*04:371"
"DRB1*04:05","DRB1*04:367"
"DRB1*04:05","DRB1*04:364"
"DRB1*04:05","DRB1*04:359"
"DRB1*04:05","DRB1*04:358"
"DRB1*04:05","DRB1*04:320"
"DRB1*04:05","DRB1*04:319"
"DRB1*04:05","DRB1*04:292"
"DRB1*04:05","DRB1*04:289"
"DRB1*04:05","DRB1*04:286N"
"DRB1*04:05","DRB1*04:245"
"DRB1*04:05","DRB1*04:232"
"DRB1*04:05","DRB1*04:05"
"DRB1*04:06","DRB1*04:385"
"DRB1*04:06","DRB1*04:354"
"DRB1*04:06","DRB1*04:06"
"DRB1*04:07","DRB1*04:337"
"DRB1*04:07","DRB1*04:315"
"DRB1*04:07","DRB1*04:269"
"DRB1*04:07","DRB1*04:263"
"DRB1*04:07","DRB1*04:262"
"DRB1*04:07","DRB1*04:256"
"DRB1*04:07","DRB1*04:246"
"DRB1*04:07","DRB1*04:92"
"DRB1*04:07","DRB1*04:07"
"DRB1*04:08","DRB1*04:314"
"DRB1*04:08","DRB1*04:297"
"DRB1*04:08","DRB1*04:252"
"DRB1*04:08","DRB1*04:08"
"DRB1*04:09","DRB1*04:369"
"DRB1*04:09","DRB1*04:09"
"DRB1*04:10","DRB1*04:201"
"DRB1*04:10","DRB1*04:10"
"DRB1*04:11","DRB1*04:11"
"DRB1*04:38","DRB1*04:38"
"DRB1*07:01","DRB1*07:171"
"DRB1*07:01","DRB1*07:170"
"DRB1*07:01","DRB1*07:169"
"DRB1*07:01","DRB1*07:168"
"DRB1*07:01","DRB1*07:163N"
"DRB1*07:01","DRB1*07:162"
"DRB1*07:01","DRB1*07:161"
"DRB1*07:01","DRB1*07:160"
"DRB1*07:01","DRB1*07:158"
"DRB1*07:01","DRB1*07:153"
"DRB1*07:01","DRB1*07:152"
"DRB1*07:01","DRB1*07:151"
"DRB1*07:01","DRB1*07:150"
"DRB1*07:01","DRB1*07:148"
"DRB1*07:01","DRB1*07:147N"
"DRB1*07:01","DRB1*07:145"
"DRB1*07:01","DRB1*07:143N"
"DRB1*07:01","DRB1*07:139"
"DRB1*07:01","DRB1*07:136"
"DRB1*07:01","DRB1*07:135"
"DRB1*07:01","DRB1*07:134"
"DRB1*07:01","DRB1*07:132"
"DRB1*07:01","DRB1*07:130"
"DRB1*07:01","DRB1*07:122"
"DRB1*07:01","DRB1*07:119"
"DRB1*07:01","DRB1*07:117"
"DRB1*07:01","DRB1*07:116"
"DRB1*07:01","DRB1*07:113"
"DRB1*07:01","DRB1*07:111"
"DRB1*07:01","DRB1*07:110"
"DRB1*07:01","DRB1*07:109"
"DRB1*07:01","DRB1*07:108"
"DRB1*07:01","DRB1*07:107"
"DRB1*07:01","DRB1*07:106"
"DRB1*07:01","DRB1*07:105"
"DRB1*07:01","DRB1*07:104"
"DRB1*07:01","DRB1*07:103"
"DRB1*07:01","DRB1*07:102"
"DRB1*07:01","DRB1*07:100"
"DRB1*07:01","DRB1*07:96"
"DRB1*07:01","DRB1*07:95"
"DRB1*07:01","DRB1*07:93"
"DRB1*07:01","DRB1*07:92"
"DRB1*07:01","DRB1*07:85"
"DRB1*07:01","DRB1*07:81"
"DRB1*07:01","DRB1*07:79"
"DRB1*07:01","DRB1*07:72"
"DRB1*07:01","DRB1*07:34"
"DRB1*07:01","DRB1*07:01"
"DRB1*08:01","DRB1*08:134"
"DRB1*08:01","DRB1*08:132"
"DRB1*08:01","DRB1*08:127"
"DRB1*08:01","DRB1*08:120"
"DRB1*08:01","DRB1*08:117"
"DRB1*08:01","DRB1*08:116"
"DRB1*08:01","DRB1*08:111"
"DRB1*08:01","DRB1*08:105"
"DRB1*08:01","DRB1*08:100"
"DRB1*08:01","DRB1*08:96"
"DRB1*08:01","DRB1*08:93"
"DRB1*08:01","DRB1*08:88"
"DRB1*08:01","DRB1*08:86"
"DRB1*08:01","DRB1*08:77"
"DRB1*08:01","DRB1*08:01"
"DRB1*08:02","DRB1*08:137"
"DRB1*08:02","DRB1*08:84"
"DRB1*08:02","DRB1*08:02"
"DRB1*08:03","DRB1*08:136"
"DRB1*08:03","DRB1*08:110"
"DRB1*08:03","DRB1*08:97"
"DRB1*08:03","DRB1*08:95"
"DRB1*08:03","DRB1*08:03"
"DRB1*08:04","DRB1*08:126"
"DRB1*08:04","DRB1*08:94"
"DRB1*08:04","DRB1*08:04"
"DRB1*08:06","DRB1*08:06"
"DRB1*08:11","DRB1*08:11"
"DRB1*09:01","DRB1*09:60"
"DRB1*09:01","DRB1*09:59"
"DRB1*09:01","DRB1*09:58"
"DRB1*09:01","DRB1*09:57"
"DRB1*09:01","DRB1*09:56"
"DRB1*09:01","DRB1*09:55"
"DRB1*09:01","DRB1*09:54"
"DRB1*09:01","DRB1*09:51"
"DRB1*09:01","DRB1*09:50"
"DRB1*09:01","DRB1*09:49"
"DRB1*09:01","DRB1*09:48"
"DRB1*09:01","DRB1*09:46"
"DRB1*09:01","DRB1*09:35"
"DRB1*09:01","DRB1*09:33"
"DRB1*09:01","DRB1*09:31"
"DRB1*09:01","DRB1*09:21"
"DRB1*09:01","DRB1*09:01"
"DRB1*10:01","DRB1*10:44"
"DRB1*10:01","DRB1*10:43"
"DRB1*10:01","DRB1*10:38"
"DRB1*10:01","DRB1*10:37"
"DRB1*10:01","DRB1*10:34"
"DRB1*10:01","DRB1*10:33"
"DRB1*10:01","DRB1*10:28"
"DRB1*10:01","DRB1*10:25"
"DRB1*10:01","DRB1*10:19"
"DRB1*10:01","DRB1*10:01"
"DRB1*11:01","DRB1*11:354"
"DRB1*11:01","DRB1*11:351"
"DRB1*11:01","DRB1*11:344"
"DRB1*11:01","DRB1*11:342"
"DRB1*11:01","DRB1*11:341"
"DRB1*11:01","DRB1*11:337"
"DRB1*11:01","DRB1*11:333"
"DRB1*11:01","DRB1*11:330"
"DRB1*11:01","DRB1*11:327"
"DRB1*11:01","DRB1*11:322"
"DRB1*11:01","DRB1*11:311"
"DRB1*11:01","DRB1*11:308"
"DRB1*11:01","DRB1*11:305"
"DRB1*11:01","DRB1*11:303N"
"DRB1*11:01","DRB1*11:299"
"DRB1*11:01","DRB1*11:298"
"DRB1*11:01","DRB1*11:296"
"DRB1*11:01","DRB1*11:295"
"DRB1*11:01","DRB1*11:291"
"DRB1*11:01","DRB1*11:285"
"DRB1*11:01","DRB1*11:281"
"DRB1*11:01","DRB1*11:277"
"DRB1*11:01","DRB1*11:274"
"DRB1*11:01","DRB1*11:271"
"DRB1*11:01","DRB1*11:269"
"DRB1*11:01","DRB1*11:265"
"DRB1*11:01","DRB1*11:262"
"DRB1*11:01","DRB1*11:257"
"DRB1*11:01","DRB1*11:252"
"DRB1*11:01","DRB1*11:250N"
"DRB1*11:01","DRB1*11:245"
"DRB1*11:01","DRB1*11:243"
"DRB1*11:01","DRB1*11:240"
"DRB1*11:01","DRB1*11:239"
"DRB1*11:01","DRB1*11:238"
"DRB1*11:01","DRB1*11:236"
"DRB1*11:01","DRB1*11:234"
"DRB1*11:01","DRB1*11:97"
"DRB1*11:01","DRB1*11:01"
"DRB1*11:01","DRB1*11:356"
"DRB1*11:01","DRB1*11:313"
"DRB1*11:02","DRB1*11:334"
"DRB1*11:02","DRB1*11:290"
"DRB1*11:02","DRB1*11:256"
"DRB1*11:02","DRB1*11:251"
"DRB1*11:02","DRB1*11:242"
"DRB1*11:02","DRB1*11:02"
"DRB1*11:03","DRB1*11:301N"
"DRB1*11:03","DRB1*11:260"
"DRB1*11:03","DRB1*11:231"
"DRB1*11:03","DRB1*11:03"
"DRB1*11:04","DRB1*11:331"
"DRB1*11:04","DRB1*11:326"
"DRB1*11:04","DRB1*11:321"
"DRB1*11:04","DRB1*11:320"
"DRB1*11:04","DRB1*11:310"
"DRB1*11:04","DRB1*11:307"
"DRB1*11:04","DRB1*11:304"
"DRB1*11:04","DRB1*11:300"
"DRB1*11:04","DRB1*11:297Q"
"DRB1*11:04","DRB1*11:284"
"DRB1*11:04","DRB1*11:258"
"DRB1*11:04","DRB1*11:255"
"DRB1*11:04","DRB1*11:253"
"DRB1*11:04","DRB1*11:244"
"DRB1*11:04","DRB1*11:230"
"DRB1*11:04","DRB1*11:224"
"DRB1*11:04","DRB1*11:198"
"DRB1*11:04","DRB1*11:04"
"DRB1*11:06","DRB1*11:129"
"DRB1*11:06","DRB1*11:06"
"DRB1*11:09","DRB1*11:09"
"DRB1*11:11","DRB1*11:237"
"DRB1*11:11","DRB1*11:11"
"DRB1*11:13","DRB1*11:13"
"DRB1*11:14","DRB1*11:14"
"DRB1*11:15","DRB1*11:15"
"DRB1*11:16","DRB1*11:16"
"DRB1*11:24","DRB1*11:24"
"DRB1*11:28","DRB1*11:28"
"DRB1*11:43","DRB1*11:43"
"DRB1*12:01","DRB1*12:111"
"DRB1*12:01","DRB1*12:110"
"DRB1*12:01","DRB1*12:107"
"DRB1*12:01","DRB1*12:105"
"DRB1*12:01","DRB1*12:99"
"DRB1*12:01","DRB1*12:95"
"DRB1*12:01","DRB1*12:91"
"DRB1*12:01","DRB1*12:90"
"DRB1*12:01","DRB1*12:87"
"DRB1*12:01","DRB1*12:86N"
"DRB1*12:01","DRB1*12:84"
"DRB1*12:01","DRB1*12:82"
"DRB1*12:01","DRB1*12:72N"
"DRB1*12:01","DRB1*12:68"
"DRB1*12:01","DRB1*12:17"
"DRB1*12:01","DRB1*12:10"
"DRB1*12:01","DRB1*12:06"
"DRB1*12:01","DRB1*12:01"
"DRB1*12:02","DRB1*12:109"
"DRB1*12:02","DRB1*12:104"
"DRB1*12:02","DRB1*12:103"
"DRB1*12:02","DRB1*12:101"
"DRB1*12:02","DRB1*12:94"
"DRB1*12:02","DRB1*12:93"
"DRB1*12:02","DRB1*12:92"
"DRB1*12:02","DRB1*12:85"
"DRB1*12:02","DRB1*12:80"
"DRB1*12:02","DRB1*12:78"
"DRB1*12:02","DRB1*12:71"
"DRB1*12:02","DRB1*12:69"
"DRB1*12:02","DRB1*12:02"
"DRB1*13:01","DRB1*13:374"
"DRB1*13:01","DRB1*13:372"
"DRB1*13:01","DRB1*13:368"
"DRB1*13:01","DRB1*13:365"
"DRB1*13:01","DRB1*13:364"
"DRB1*13:01","DRB1*13:361"
"DRB1*13:01","DRB1*13:350"
"DRB1*13:01","DRB1*13:345"
"DRB1*13:01","DRB1*13:327"
"DRB1*13:01","DRB1*13:324N"
"DRB1*13:01","DRB1*13:323"
"DRB1*13:01","DRB1*13:322N"
"DRB1*13:01","DRB1*13:313"
"DRB1*13:01","DRB1*13:311"
"DRB1*13:01","DRB1*13:308"
"DRB1*13:01","DRB1*13:305"
"DRB1*13:01","DRB1*13:304"
"DRB1*13:01","DRB1*13:303"
"DRB1*13:01","DRB1*13:300"
"DRB1*13:01","DRB1*13:281"
"DRB1*13:01","DRB1*13:274"
"DRB1*13:01","DRB1*13:273"
"DRB1*13:01","DRB1*13:272"
"DRB1*13:01","DRB1*13:271"
"DRB1*13:01","DRB1*13:270"
"DRB1*13:01","DRB1*13:267"
"DRB1*13:01","DRB1*13:263"
"DRB1*13:01","DRB1*13:261"
"DRB1*13:01","DRB1*13:256"
"DRB1*13:01","DRB1*13:251"
"DRB1*13:01","DRB1*13:233"
"DRB1*13:01","DRB1*13:215"
"DRB1*13:01","DRB1*13:190"
"DRB1*13:01","DRB1*13:117"
"DRB1*13:01","DRB1*13:01"
"DRB1*13:02","DRB1*13:371"
"DRB1*13:02","DRB1*13:363"
"DRB1*13:02","DRB1*13:359"
"DRB1*13:02","DRB1*13:325"
"DRB1*13:02","DRB1*13:298N"
"DRB1*13:02","DRB1*13:297"
"DRB1*13:02","DRB1*13:293"
"DRB1*13:02","DRB1*13:285"
"DRB1*13:02","DRB1*13:282"
"DRB1*13:02","DRB1*13:275"
"DRB1*13:02","DRB1*13:269"
"DRB1*13:02","DRB1*13:268N"
"DRB1*13:02","DRB1*13:265"
"DRB1*13:02","DRB1*13:255N"
"DRB1*13:02","DRB1*13:239"
"DRB1*13:02","DRB1*13:236"
"DRB1*13:02","DRB1*13:208"
"DRB1*13:02","DRB1*13:02"
"DRB1*13:03","DRB1*13:373"
"DRB1*13:03","DRB1*13:347"
"DRB1*13:03","DRB1*13:329N"
"DRB1*13:03","DRB1*13:319N"
"DRB1*13:03","DRB1*13:253"
"DRB1*13:03","DRB1*13:227"
"DRB1*13:03","DRB1*13:03"
"DRB1*13:05","DRB1*13:352"
"DRB1*13:05","DRB1*13:05"
"DRB1*13:12","DRB1*13:321"
"DRB1*13:12","DRB1*13:12"
"DRB1*13:16","DRB1*13:16"
"DRB1*13:19","DRB1*13:353"
"DRB1*13:19","DRB1*13:19"
"DRB1*13:20","DRB1*13:20"
"DRB1*13:21","DRB1*13:21"
"DRB1*13:22","DRB1*13:22"
"DRB1*13:24","DRB1*13:24"
"DRB1*13:27","DRB1*13:27"
"DRB1*13:29","DRB1*13:29"
"DRB1*14:01","DRB1*14:282"
"DRB1*14:01","DRB1*14:278"
"DRB1*14:01","DRB1*14:270"
"DRB1*14:01","DRB1*14:269N"
"DRB1*14:01","DRB1*14:268"
"DRB1*14:01","DRB1*14:258"
"DRB1*14:01","DRB1*14:256"
"DRB1*14:01","DRB1*14:255"
"DRB1*14:01","DRB1*14:253"
"DRB1*14:01","DRB1*14:245"
"DRB1*14:01","DRB1*14:243"
"DRB1*14:01","DRB1*14:240"
"DRB1*14:01","DRB1*14:238"
"DRB1*14:01","DRB1*14:234"
"DRB1*14:01","DRB1*14:230"
"DRB1*14:01","DRB1*14:227"
"DRB1*14:01","DRB1*14:217"
"DRB1*14:01","DRB1*14:216"
"DRB1*14:01","DRB1*14:215"
"DRB1*14:01","DRB1*14:207"
"DRB1*14:01","DRB1*14:204"
"DRB1*14:01","DRB1*14:202"
"DRB1*14:01","DRB1*14:192"
"DRB1*14:01","DRB1*14:54"
"DRB1*14:01","DRB1*14:01"
"DRB1*14:02","DRB1*14:261"
"DRB1*14:02","DRB1*14:242"
"DRB1*14:02","DRB1*14:209"
"DRB1*14:02","DRB1*14:194"
"DRB1*14:02","DRB1*14:02"
"DRB1*14:03","DRB1*14:223"
"DRB1*14:03","DRB1*14:03"
"DRB1*14:04","DRB1*14:281"
"DRB1*14:04","DRB1*14:267"
"DRB1*14:04","DRB1*14:241"
"DRB1*14:04","DRB1*14:233"
"DRB1*14:04","DRB1*14:224"
"DRB1*14:04","DRB1*14:196"
"DRB1*14:04","DRB1*14:04"
"DRB1*14:05","DRB1*14:05"
"DRB1*14:06","DRB1*14:06"
"DRB1*14:08","DRB1*14:211"
"DRB1*14:08","DRB1*14:08"
"DRB1*14:10","DRB1*14:10"
"DRB1*14:11","DRB1*14:11"
"DRB1*14:23","DRB1*14:279"
"DRB1*14:23","DRB1*14:23"
"DRB1*14:24","DRB1*14:226"
"DRB1*14:24","DRB1*14:24"
"DRB1*14:25","DRB1*14:25"
"DRB1*15:01","DRB1*15:243"
"DRB1*15:01","DRB1*15:241"
"DRB1*15:01","DRB1*15:239"
"DRB1*15:01","DRB1*15:238"
"DRB1*15:01","DRB1*15:237"
"DRB1*15:01","DRB1*15:233"
"DRB1*15:01","DRB1*15:226"
"DRB1*15:01","DRB1*15:225"
"DRB1*15:01","DRB1*15:223"
"DRB1*15:01","DRB1*15:222"
"DRB1*15:01","DRB1*15:221"
"DRB1*15:01","DRB1*15:216"
"DRB1*15:01","DRB1*15:215"
"DRB1*15:01","DRB1*15:204"
"DRB1*15:01","DRB1*15:202"
"DRB1*15:01","DRB1*15:201"
"DRB1*15:01","DRB1*15:199"
"DRB1*15:01","DRB1*15:196"
"DRB1*15:01","DRB1*15:193"
"DRB1*15:01","DRB1*15:191"
"DRB1*15:01","DRB1*15:186"
"DRB1*15:01","DRB1*15:184"
"DRB1*15:01","DRB1*15:182"
"DRB1*15:01","DRB1*15:180N"
"DRB1*15:01","DRB1*15:177"
"DRB1*15:01","DRB1*15:174"
"DRB1*15:01","DRB1*15:173"
"DRB1*15:01","DRB1*15:171"
"DRB1*15:01","DRB1*15:166"
"DRB1*15:01","DRB1*15:160"
"DRB1*15:01","DRB1*15:151"
"DRB1*15:01","DRB1*15:146"
"DRB1*15:01","DRB1*15:145"
"DRB1*15:01","DRB1*15:141"
"DRB1*15:01","DRB1*15:01"
"DRB1*15:02","DRB1*15:213"
"DRB1*15:02","DRB1*15:210"
"DRB1*15:02","DRB1*15:194"
"DRB1*15:02","DRB1*15:188"
"DRB1*15:02","DRB1*15:179"
"DRB1*15:02","DRB1*15:154N"
"DRB1*15:02","DRB1*15:149"
"DRB1*15:02","DRB1*15:140"
"DRB1*15:02","DRB1*15:02"
"DRB1*15:02","DRB1*15:206"
"DRB1*15:03","DRB1*15:244"
"DRB1*15:03","DRB1*15:224"
"DRB1*15:03","DRB1*15:217N"
"DRB1*15:03","DRB1*15:185"
"DRB1*15:03","DRB1*15:178"
"DRB1*15:03","DRB1*15:163N"
"DRB1*15:03","DRB1*15:03"
"DRB1*15:04","DRB1*15:208"
"DRB1*15:04","DRB1*15:04"
"DRB1*15:07","DRB1*15:198"
"DRB1*15:07","DRB1*15:07"
"DRB1*15:200","DRB1*15:200"
"DRB1*16:01","DRB1*16:83"
"DRB1*16:01","DRB1*16:72"
"DRB1*16:01","DRB1*16:69"
"DRB1*16:01","DRB1*16:54"
"DRB1*16:01","DRB1*16:51"
"DRB1*16:01","DRB1*16:01"
"DRB1*16:02","DRB1*16:80"
"DRB1*16:02","DRB1*16:77N"
"DRB1*16:02","DRB1*16:76"
"DRB1*16:02","DRB1*16:75"
"DRB1*16:02","DRB1*16:74"
"DRB1*16:02","DRB1*16:64"
"DRB1*16:02","DRB1*16:57"
"DRB1*16:02","DRB1*16:52"
"DRB1*16:02","DRB1*16:02"
"DRB3*01:01","DRB3*01:147"
"DRB3*01:01","DRB3*01:144"
"DRB3*01:01","DRB3*01:143N"
"DRB3*01:01","DRB3*01:142"
"DRB3*01:01","DRB3*01:141"
"DRB3*01:01","DRB3*01:140"
"DRB3*01:01","DRB3*01:133N"
"DRB3*01:01","DRB3*01:132N"
"DRB3*01:01","DRB3*01:131"
"DRB3*01:01","DRB3*01:130"
"DRB3*01:01","DRB3*01:128"
"DRB3*01:01","DRB3*01:127"
"DRB3*01:01","DRB3*01:126"
"DRB3*01:01","DRB3*01:123"
"DRB3*01:01","DRB3*01:122"
"DRB3*01:01","DRB3*01:119"
"DRB3*01:01","DRB3*01:118"
"DRB3*01:01","DRB3*01:116"
"DRB3*01:01","DRB3*01:114"
"DRB3*01:01","DRB3*01:113"
"DRB3*01:01","DRB3*01:112"
"DRB3*01:01","DRB3*01:111"
"DRB3*01:01","DRB3*01:110"
"DRB3*01:01","DRB3*01:108"
"DRB3*01:01","DRB3*01:100"
"DRB3*01:01","DRB3*01:98"
"DRB3*01:01","DRB3*01:96"
"DRB3*01:01","DRB3*01:93"
"DRB3*01:01","DRB3*01:92"
"DRB3*01:01","DRB3*01:91"
"DRB3*01:01","DRB3*01:90"
"DRB3*01:01","DRB3*01:89"
"DRB3*01:01","DRB3*01:87"
"DRB3*01:01","DRB3*01:86"
"DRB3*01:01","DRB3*01:85"
"DRB3*01:01","DRB3*01:83"
"DRB3*01:01","DRB3*01:74"
"DRB3*01:01","DRB3*01:72"
"DRB3*01:01","DRB3*01:65"
"DRB3*01:01","DRB3*01:62"
"DRB3*01:01","DRB3*01:61"
"DRB3*01:01","DRB3*01:60"
"DRB3*01:01","DRB3*01:59"
"DRB3*01:01","DRB3*01:57"
"DRB3*01:01","DRB3*01:43"
"DRB3*01:01","DRB3*01:16"
"DRB3*01:01","DRB3*01:01"
"DRB3*01:134","DRB3*01:134"
"DRB3*01:137","DRB3*01:137"
"DRB3*01:138","DRB3*01:138"
"DRB3*02:01","DRB3*02:219"
"DRB3*02:01","DRB3*02:181"
"DRB3*02:01","DRB3*02:24"
"DRB3*02:01","DRB3*02:01"
"DRB3*02:02","DRB3*02:239"
"DRB3*02:02","DRB3*02:237"
"DRB3*02:02","DRB3*02:236"
"DRB3*02:02","DRB3*02:235"
"DRB3*02:02","DRB3*02:231"
"DRB3*02:02","DRB3*02:230"
"DRB3*02:02","DRB3*02:229"
"DRB3*02:02","DRB3*02:228"
"DRB3*02:02","DRB3*02:225"
"DRB3*02:02","DRB3*02:222"
"DRB3*02:02","DRB3*02:221"
"DRB3*02:02","DRB3*02:220"
"DRB3*02:02","DRB3*02:216"
"DRB3*02:02","DRB3*02:215"
"DRB3*02:02","DRB3*02:214N"
"DRB3*02:02","DRB3*02:212"
"DRB3*02:02","DRB3*02:211"
"DRB3*02:02","DRB3*02:210Q"
"DRB3*02:02","DRB3*02:209"
"DRB3*02:02","DRB3*02:205"
"DRB3*02:02","DRB3*02:204"
"DRB3*02:02","DRB3*02:203"
"DRB3*02:02","DRB3*02:200"
"DRB3*02:02","DRB3*02:199"
"DRB3*02:02","DRB3*02:198"
"DRB3*02:02","DRB3*02:196"
"DRB3*02:02","DRB3*02:195"
"DRB3*02:02","DRB3*02:193"
"DRB3*02:02","DRB3*02:192"
"DRB3*02:02","DRB3*02:191"
"DRB3*02:02","DRB3*02:189"
"DRB3*02:02","DRB3*02:188"
"DRB3*02:02","DRB3*02:186"
"DRB3*02:02","DRB3*02:185"
"DRB3*02:02","DRB3*02:183"
"DRB3*02:02","DRB3*02:182"
"DRB3*02:02","DRB3*02:180"
"DRB3*02:02","DRB3*02:179N"
"DRB3*02:02","DRB3*02:178"
"DRB3*02:02","DRB3*02:177"
"DRB3*02:02","DRB3*02:176"
"DRB3*02:02","DRB3*02:174"
"DRB3*02:02","DRB3*02:172"
"DRB3*02:02","DRB3*02:168"
"DRB3*02:02","DRB3*02:167"
"DRB3*02:02","DRB3*02:166"
"DRB3*02:02","DRB3*02:165N"
"DRB3*02:02","DRB3*02:161"
"DRB3*02:02","DRB3*02:158"
"DRB3*02:02","DRB3*02:157"
"DRB3*02:02","DRB3*02:156"
"DRB3*02:02","DRB3*02:155"
"DRB3*02:02","DRB3*02:154"
"DRB3*02:02","DRB3*02:151"
"DRB3*02:02","DRB3*02:150"
"DRB3*02:02","DRB3*02:149"
"DRB3*02:02","DRB3*02:148"
"DRB3*02:02","DRB3*02:147"
"DRB3*02:02","DRB3*02:145N"
"DRB3*02:02","DRB3*02:144"
"DRB3*02:02","DRB3*02:142"
"DRB3*02:02","DRB3*02:139"
"DRB3*02:02","DRB3*02:138"
"DRB3*02:02","DRB3*02:133"
"DRB3*02:02","DRB3*02:113"
"DRB3*02:02","DRB3*02:108"
"DRB3*02:02","DRB3*02:96"
"DRB3*02:02","DRB3*02:86"
"DRB3*02:02","DRB3*02:85"
"DRB3*02:02","DRB3*02:71"
"DRB3*02:02","DRB3*02:69"
"DRB3*02:02","DRB3*02:29N"
"DRB3*02:02","DRB3*02:28"
"DRB3*02:02","DRB3*02:02"
"DRB3*02:32","DRB3*02:32"
"DRB3*02:100","DRB3*03:56"
"DRB3*02:100","DRB3*02:100"
"DRB3*03:01","DRB3*03:85"
"DRB3*03:01","DRB3*03:83"
"DRB3*03:01","DRB3*03:80"
"DRB3*03:01","DRB3*03:78"
"DRB3*03:01","DRB3*03:77"
"DRB3*03:01","DRB3*03:76"
"DRB3*03:01","DRB3*03:75"
"DRB3*03:01","DRB3*03:74"
"DRB3*03:01","DRB3*03:73"
"DRB3*03:01","DRB3*03:72"
"DRB3*03:01","DRB3*03:71"
"DRB3*03:01","DRB3*03:70"
"DRB3*03:01","DRB3*03:69"
"DRB3*03:01","DRB3*03:65"
"DRB3*03:01","DRB3*03:64"
"DRB3*03:01","DRB3*03:63"
"DRB3*03:01","DRB3*03:58"
"DRB3*03:01","DRB3*03:53"
"DRB3*03:01","DRB3*03:52"
"DRB3*03:01","DRB3*03:49"
"DRB3*03:01","DRB3*03:48"
"DRB3*03:01","DRB3*03:47"
"DRB3*03:01","DRB3*03:45"
"DRB3*03:01","DRB3*03:44"
"DRB3*03:01","DRB3*03:43"
"DRB3*03:01","DRB3*03:42"
"DRB3*03:01","DRB3*03:38"
"DRB3*03:01","DRB3*03:37"
"DRB3*03:01","DRB3*03:21"
"DRB3*03:01","DRB3*03:13"
"DRB3*03:01","DRB3*03:01"
"DRB3*03:22","DRB3*02:173"
"DRB3*03:22","DRB3*02:171"
"DRB3*03:79","DRB3*03:81"
"DRB3*03:79","DRB3*03:79"
"DRB4*01:01","DRB4*01:217"
"DRB4*01:01","DRB4*01:216"
"DRB4*01:01","DRB4*01:213"
"DRB4*01:01","DRB4*01:212N"
"DRB4*01:01","DRB4*01:211"
"DRB4*01:01","DRB4*01:208"
"DRB4*01:01","DRB4*01:207"
"DRB4*01:01","DRB4*01:204"
"DRB4*01:01","DRB4*01:203N"
"DRB4*01:01","DRB4*01:200"
"DRB4*01:01","DRB4*01:199N"
"DRB4*01:01","DRB4*01:195"
"DRB4*01:01","DRB4*01:193"
"DRB4*01:01","DRB4*01:191"
"DRB4*01:01","DRB4*01:189"
"DRB4*01:01","DRB4*01:188"
"DRB4*01:01","DRB4*01:187"
"DRB4*01:01","DRB4*01:186"
"DRB4*01:01","DRB4*01:184"
"DRB4*01:01","DRB4*01:182"
"DRB4*01:01","DRB4*01:181"
"DRB4*01:01","DRB4*01:180"
"DRB4*01:01","DRB4*01:177"
"DRB4*01:01","DRB4*01:174"
"DRB4*01:01","DRB4*01:173"
"DRB4*01:01","DRB4*01:171"
"DRB4*01:01","DRB4*01:169"
"DRB4*01:01","DRB4*01:168"
"DRB4*01:01","DRB4*01:167"
"DRB4*01:01","DRB4*01:166"
"DRB4*01:01","DRB4*01:165N"
"DRB4*01:01","DRB4*01:164"
"DRB4*01:01","DRB4*01:162N"
"DRB4*01:01","DRB4*01:161"
"DRB4*01:01","DRB4*01:158"
"DRB4*01:01","DRB4*01:156"
"DRB4*01:01","DRB4*01:155"
"DRB4*01:01","DRB4*01:153"
"DRB4*01:01","DRB4*01:152"
"DRB4*01:01","DRB4*01:151"
"DRB4*01:01","DRB4*01:148"
"DRB4*01:01","DRB4*01:147"
"DRB4*01:01","DRB4*01:146"
"DRB4*01:01","DRB4*01:145N"
"DRB4*01:01","DRB4*01:144"
"DRB4*01:01","DRB4*01:143"
"DRB4*01:01","DRB4*01:142"
"DRB4*01:01","DRB4*01:141"
"DRB4*01:01","DRB4*01:138"
"DRB4*01:01","DRB4*01:136"
"DRB4*01:01","DRB4*01:134"
"DRB4*01:01","DRB4*01:132"
"DRB4*01:01","DRB4*01:130"
"DRB4*01:01","DRB4*01:128N"
"DRB4*01:01","DRB4*01:127"
"DRB4*01:01","DRB4*01:126"
"DRB4*01:01","DRB4*01:124"
"DRB4*01:01","DRB4*01:123"
"DRB4*01:01","DRB4*01:119"
"DRB4*01:01","DRB4*01:118"
"DRB4*01:01","DRB4*01:90"
"DRB4*01:01","DRB4*01:85"
"DRB4*01:01","DRB4*01:79"
"DRB4*01:01","DRB4*01:76"
"DRB4*01:01","DRB4*01:09"
"DRB4*01:01","DRB4*01:06"
"DRB4*01:01","DRB4*01:03"
"DRB4*01:01","DRB4*01:01"
"DRB4*01:02","DRB4*01:02"
"DRB4*01:03","DRB4*01:03"
"DRB4*01:72","DRB4*01:72"
"DRB4*01:75","DRB4*01:107"
"DRB4*01:75","DRB4*01:75"
"DRB4*01:78","DRB4*01:129"
"DRB4*01:78","DRB4*01:78"
"DRB4*01:190","DRB4*01:190"
"DRB5*01:01","DRB5*01:157"
"DRB5*01:01","DRB5*01:154"
"DRB5*01:01","DRB5*01:151"
"DRB5*01:01","DRB5*01:150"
"DRB5*01:01","DRB5*01:147"
"DRB5*01:01","DRB5*01:146"
"DRB5*01:01","DRB5*01:142"
"DRB5*01:01","DRB5*01:141"
"DRB5*01:01","DRB5*01:140"
"DRB5*01:01","DRB5*01:139"
"DRB5*01:01","DRB5*01:138"
"DRB5*01:01","DRB5*01:137"
"DRB5*01:01","DRB5*01:135"
"DRB5*01:01","DRB5*01:126"
"DRB5*01:01","DRB5*01:124"
"DRB5*01:01","DRB5*01:119"
"DRB5*01:01","DRB5*01:118"
"DRB5*01:01","DRB5*01:117"
"DRB5*01:01","DRB5*01:116"
"DRB5*01:01","DRB5*01:115"
"DRB5*01:01","DRB5*01:111"
"DRB5*01:01","DRB5*01:109"
"DRB5*01:01","DRB5*01:108"
"DRB5*01:01","DRB5*01:106"
"DRB5*01:01","DRB5*01:105"
"DRB5*01:01","DRB5*01:104"
"DRB5*01:01","DRB5*01:96"
"DRB5*01:01","DRB5*01:95"
"DRB5*01:01","DRB5*01:94"
"DRB5*01:01","DRB5*01:93"
"DRB5*01:01","DRB5*01:89"
"DRB5*01:01","DRB5*01:85"
"DRB5*01:01","DRB5*01:49N"
"DRB5*01:01","DRB5*01:45"
"DRB5*01:01","DRB5*01:42"
"DRB5*01:01","DRB5*01:40"
"DRB5*01:01","DRB5*01:16"
"DRB5*01:01","DRB5*01:01"
"DRB5*01:02","DRB5*01:130"
"DRB5*01:02","DRB5*01:103"
"DRB5*01:02","DRB5*01:102"
"DRB5*01:02","DRB5*01:08"
"DRB5*01:02","DRB5*01:02"
"DRB5*02:02","DRB5*02:42"
"DRB5*02:02","DRB5*02:38"
"DRB5*02:02","DRB5*02:37"
"DRB5*02:02","DRB5*02:30"
"DRB5*02:02","DRB5*02:23"
"DRB5*02:02","DRB5*02:22"
"DRB5*02:02","DRB5*02:21"
"DRB5*02:02","DRB5*02:06"
"DRB5*02:02","DRB5*02:02"
"DQA1*01:01","DQA1*01:187"
"DQA1*01:01","DQA1*01:172"
"DQA1*01:01","DQA1*01:169"
"DQA1*01:01","DQA1*01:166"
"DQA1*01:01","DQA1*01:165"
"DQA1*01:01","DQA1*01:160"
"DQA1*01:01","DQA1*01:157"
"DQA1*01:01","DQA1*01:156"
"DQA1*01:01","DQA1*01:155"
"DQA1*01:01","DQA1*01:154"
"DQA1*01:01","DQA1*01:137"
"DQA1*01:01","DQA1*01:130"
"DQA1*01:01","DQA1*01:126"
"DQA1*01:01","DQA1*01:122Q"
"DQA1*01:01","DQA1*01:120"
"DQA1*01:01","DQA1*01:114"
"DQA1*01:01","DQA1*01:112"
"DQA1*01:01","DQA1*01:107"
"DQA1*01:01","DQA1*01:99"
"DQA1*01:01","DQA1*01:98"
"DQA1*01:01","DQA1*01:89"
"DQA1*01:01","DQA1*01:80"
"DQA1*01:01","DQA1*01:67"
"DQA1*01:01","DQA1*01:66"
"DQA1*01:01","DQA1*01:64"
"DQA1*01:01","DQA1*01:55"
"DQA1*01:01","DQA1*01:53"
"DQA1*01:01","DQA1*01:27"
"DQA1*01:01","DQA1*01:18"
"DQA1*01:01","DQA1*01:12"
"DQA1*01:01","DQA1*01:05"
"DQA1*01:01","DQA1*01:04"
"DQA1*01:01","DQA1*01:01"
"DQA1*01:02","DQA1*01:191"
"DQA1*01:02","DQA1*01:189"
"DQA1*01:02","DQA1*01:179"
"DQA1*01:02","DQA1*01:168"
"DQA1*01:02","DQA1*01:163"
"DQA1*01:02","DQA1*01:158"
"DQA1*01:02","DQA1*01:152"
"DQA1*01:02","DQA1*01:151"
"DQA1*01:02","DQA1*01:145"
"DQA1*01:02","DQA1*01:144"
"DQA1*01:02","DQA1*01:143"
"DQA1*01:02","DQA1*01:142"
"DQA1*01:02","DQA1*01:140"
"DQA1*01:02","DQA1*01:133Q"
"DQA1*01:02","DQA1*01:132"
"DQA1*01:02","DQA1*01:129"
"DQA1*01:02","DQA1*01:127"
"DQA1*01:02","DQA1*01:124"
"DQA1*01:02","DQA1*01:116"
"DQA1*01:02","DQA1*01:104"
"DQA1*01:02","DQA1*01:100"
"DQA1*01:02","DQA1*01:81"
"DQA1*01:02","DQA1*01:71"
"DQA1*01:02","DQA1*01:69"
"DQA1*01:02","DQA1*01:63"
"DQA1*01:02","DQA1*01:51"
"DQA1*01:02","DQA1*01:48"
"DQA1*01:02","DQA1*01:46"
"DQA1*01:02","DQA1*01:41"
"DQA1*01:02","DQA1*01:39"
"DQA1*01:02","DQA1*01:38"
"DQA1*01:02","DQA1*01:31"
"DQA1*01:02","DQA1*01:23"
"DQA1*01:02","DQA1*01:21"
"DQA1*01:02","DQA1*01:19"
"DQA1*01:02","DQA1*01:11"
"DQA1*01:02","DQA1*01:09"
"DQA1*01:02","DQA1*01:08"
"DQA1*01:02","DQA1*01:02"
"DQA1*01:03","DQA1*01:186"
"DQA1*01:03","DQA1*01:183"
"DQA1*01:03","DQA1*01:176"
"DQA1*01:03","DQA1*01:173"
"DQA1*01:03","DQA1*01:170"
"DQA1*01:03","DQA1*01:162"
"DQA1*01:03","DQA1*01:147"
"DQA1*01:03","DQA1*01:146"
"DQA1*01:03","DQA1*01:138"
"DQA1*01:03","DQA1*01:136N"
"DQA1*01:03","DQA1*01:123"
"DQA1*01:03","DQA1*01:121"
"DQA1*01:03","DQA1*01:119"
"DQA1*01:03","DQA1*01:113N"
"DQA1*01:03","DQA1*01:108"
"DQA1*01:03","DQA1*01:102"
"DQA1*01:03","DQA1*01:97"
"DQA1*01:03","DQA1*01:87"
"DQA1*01:03","DQA1*01:76"
"DQA1*01:03","DQA1*01:70"
"DQA1*01:03","DQA1*01:68"
"DQA1*01:03","DQA1*01:65"
"DQA1*01:03","DQA1*01:57"
"DQA1*01:03","DQA1*01:45"
"DQA1*01:03","DQA1*01:44"
"DQA1*01:03","DQA1*01:30"
"DQA1*01:03","DQA1*01:03"
"DQA1*01:07","DQA1*01:43"
"DQA1*01:07","DQA1*01:07Q"
"DQA1*01:10","DQA1*01:10"
"DQA1*01:59","DQA1*01:182"
"DQA1*01:59","DQA1*01:59"
"DQA1*02:01","DQA1*02:50"
"DQA1*02:01","DQA1*02:49"
"DQA1*02:01","DQA1*02:48"
"DQA1*02:01","DQA1*02:47"
"DQA1*02:01","DQA1*02:46"
"DQA1*02:01","DQA1*02:41"
"DQA1*02:01","DQA1*02:35"
"DQA1*02:01","DQA1*02:32"
"DQA1*02:01","DQA1*02:30"
"DQA1*02:01","DQA1*02:28"
"DQA1*02:01","DQA1*02:25"
"DQA1*02:01","DQA1*02:24"
"DQA1*02:01","DQA1*02:19"
"DQA1*02:01","DQA1*02:17"
"DQA1*02:01","DQA1*02:14"
"DQA1*02:01","DQA1*02:13"
"DQA1*02:01","DQA1*02:09"
"DQA1*02:01","DQA1*02:05"
"DQA1*02:01","DQA1*02:03"
"DQA1*02:01","DQA1*02:01"
"DQA1*03:01","DQA1*03:88N"
"DQA1*03:01","DQA1*03:87"
"DQA1*03:01","DQA1*03:85"
"DQA1*03:01","DQA1*03:84"
"DQA1*03:01","DQA1*03:83"
"DQA1*03:01","DQA1*03:82"
"DQA1*03:01","DQA1*03:81"
"DQA1*03:01","DQA1*03:80"
"DQA1*03:01","DQA1*03:78"
"DQA1*03:01","DQA1*03:76"
"DQA1*03:01","DQA1*03:74"
"DQA1*03:01","DQA1*03:70"
"DQA1*03:01","DQA1*03:69"
"DQA1*03:01","DQA1*03:67"
"DQA1*03:01","DQA1*03:66"
"DQA1*03:01","DQA1*03:63"
"DQA1*03:01","DQA1*03:60"
"DQA1*03:01","DQA1*03:57"
"DQA1*03:01","DQA1*03:56"
"DQA1*03:01","DQA1*03:54"
"DQA1*03:01","DQA1*03:53"
"DQA1*03:01","DQA1*03:52"
"DQA1*03:01","DQA1*03:47"
"DQA1*03:01","DQA1*03:45"
"DQA1*03:01","DQA1*03:44"
"DQA1*03:01","DQA1*03:43"
"DQA1*03:01","DQA1*03:42"
"DQA1*03:01","DQA1*03:40"
"DQA1*03:01","DQA1*03:39"
"DQA1*03:01","DQA1*03:38"
"DQA1*03:01","DQA1*03:37"
"DQA1*03:01","DQA1*03:31"
"DQA1*03:01","DQA1*03:28"
"DQA1*03:01","DQA1*03:23"
"DQA1*03:01","DQA1*03:21"
"DQA1*03:01","DQA1*03:18"
"DQA1*03:01","DQA1*03:17"
"DQA1*03:01","DQA1*03:13"
"DQA1*03:01","DQA1*03:12"
"DQA1*03:01","DQA1*03:11"
"DQA1*03:01","DQA1*03:09"
"DQA1*03:01","DQA1*03:08"
"DQA1*03:01","DQA1*03:06"
"DQA1*03:01","DQA1*03:04"
"DQA1*03:01","DQA1*03:03"
"DQA1*03:01","DQA1*03:02"
"DQA1*03:01","DQA1*03:01"
"DQA1*03:03","DQA1*03:03"
"DQA1*03:10","DQA1*03:71"
"DQA1*03:10","DQA1*03:10"
"DQA1*03:15","DQA1*03:79"
"DQA1*03:15","DQA1*03:15"
"DQA1*03:20","DQA1*03:73"
"DQA1*03:20","DQA1*03:20"
"DQA1*03:49","DQA1*03:61"
"DQA1*03:49","DQA1*03:49"
"DQA1*04:01","DQA1*04:27"
"DQA1*04:01","DQA1*04:25"
"DQA1*04:01","DQA1*04:24"
"DQA1*04:01","DQA1*04:23"
"DQA1*04:01","DQA1*04:21Q"
"DQA1*04:01","DQA1*04:19"
"DQA1*04:01","DQA1*04:18"
"DQA1*04:01","DQA1*04:16"
"DQA1*04:01","DQA1*04:14N"
"DQA1*04:01","DQA1*04:13"
"DQA1*04:01","DQA1*04:11"
"DQA1*04:01","DQA1*04:10"
"DQA1*04:01","DQA1*04:08"
"DQA1*04:01","DQA1*04:04"
"DQA1*04:01","DQA1*04:02"
"DQA1*04:01","DQA1*04:01"
"DQA1*05:01","DQA1*05:127"
"DQA1*05:01","DQA1*05:126"
"DQA1*05:01","DQA1*05:125"
"DQA1*05:01","DQA1*05:124"
"DQA1*05:01","DQA1*05:123"
"DQA1*05:01","DQA1*05:122"
"DQA1*05:01","DQA1*05:121"
"DQA1*05:01","DQA1*05:120"
"DQA1*05:01","DQA1*05:118"
"DQA1*05:01","DQA1*05:116Q"
"DQA1*05:01","DQA1*05:114"
"DQA1*05:01","DQA1*05:113"
"DQA1*05:01","DQA1*05:112"
"DQA1*05:01","DQA1*05:111"
"DQA1*05:01","DQA1*05:109"
"DQA1*05:01","DQA1*05:108"
"DQA1*05:01","DQA1*05:106"
"DQA1*05:01","DQA1*05:104"
"DQA1*05:01","DQA1*05:103"
"DQA1*05:01","DQA1*05:102"
"DQA1*05:01","DQA1*05:101"
"DQA1*05:01","DQA1*05:97"
"DQA1*05:01","DQA1*05:94"
"DQA1*05:01","DQA1*05:91"
"DQA1*05:01","DQA1*05:90"
"DQA1*05:01","DQA1*05:85N"
"DQA1*05:01","DQA1*05:84N"
"DQA1*05:01","DQA1*05:83"
"DQA1*05:01","DQA1*05:82"
"DQA1*05:01","DQA1*05:81"
"DQA1*05:01","DQA1*05:79"
"DQA1*05:01","DQA1*05:78"
"DQA1*05:01","DQA1*05:76"
"DQA1*05:01","DQA1*05:75"
"DQA1*05:01","DQA1*05:73"
"DQA1*05:01","DQA1*05:72"
"DQA1*05:01","DQA1*05:71"
"DQA1*05:01","DQA1*05:70"
"DQA1*05:01","DQA1*05:67"
"DQA1*05:01","DQA1*05:66"
"DQA1*05:01","DQA1*05:65"
"DQA1*05:01","DQA1*05:62"
"DQA1*05:01","DQA1*05:59"
"DQA1*05:01","DQA1*05:58"
"DQA1*05:01","DQA1*05:57"
"DQA1*05:01","DQA1*05:56"
"DQA1*05:01","DQA1*05:55"
"DQA1*05:01","DQA1*05:54"
"DQA1*05:01","DQA1*05:53"
"DQA1*05:01","DQA1*05:52"
"DQA1*05:01","DQA1*05:48"
"DQA1*05:01","DQA1*05:47"
"DQA1*05:01","DQA1*05:41"
"DQA1*05:01","DQA1*05:40"
"DQA1*05:01","DQA1*05:39"
"DQA1*05:01","DQA1*05:38"
"DQA1*05:01","DQA1*05:35"
"DQA1*05:01","DQA1*05:29Q"
"DQA1*05:01","DQA1*05:28"
"DQA1*05:01","DQA1*05:27"
"DQA1*05:01","DQA1*05:25"
"DQA1*05:01","DQA1*05:21"
"DQA1*05:01","DQA1*05:20"
"DQA1*05:01","DQA1*05:19"
"DQA1*05:01","DQA1*05:17N"
"DQA1*05:01","DQA1*05:14"
"DQA1*05:01","DQA1*05:13"
"DQA1*05:01","DQA1*05:11"
"DQA1*05:01","DQA1*05:09"
"DQA1*05:01","DQA1*05:08"
"DQA1*05:01","DQA1*05:07"
"DQA1*05:01","DQA1*05:06"
"DQA1*05:01","DQA1*05:05"
"DQA1*05:01","DQA1*05:03"
"DQA1*05:01","DQA1*05:01"
"DQA1*05:23","DQA1*05:24"
"DQA1*05:23","DQA1*05:23"
"DQA1*05:61","DQA1*05:96"
"DQA1*05:61","DQA1*05:61"
"DQA1*05:87","DQA1*05:95"
"DQA1*05:87","DQA1*05:87"
"DQA1*05:88","DQA1*05:88"
"DQA1*06:01","DQA1*06:13"
"DQA1*06:01","DQA1*06:12"
"DQA1*06:01","DQA1*06:11"
"DQA1*06:01","DQA1*06:02"
"DQA1*06:01","DQA1*06:01"
"DQB1*05:01","DQB1*05:360"
"DQB1*05:01","DQB1*05:359"
"DQB1*05:01","DQB1*05:355"
"DQB1*05:01","DQB1*05:353"
"DQB1*05:01","DQB1*05:352"
"DQB1*05:01","DQB1*05:348N"
"DQB1*05:01","DQB1*05:347N"
"DQB1*05:01","DQB1*05:343"
"DQB1*05:01","DQB1*05:341"
"DQB1*05:01","DQB1*05:340"
"DQB1*05:01","DQB1*05:338"
"DQB1*05:01","DQB1*05:337Q"
"DQB1*05:01","DQB1*05:335"
"DQB1*05:01","DQB1*05:334"
"DQB1*05:01","DQB1*05:333"
"DQB1*05:01","DQB1*05:325"
"DQB1*05:01","DQB1*05:324"
"DQB1*05:01","DQB1*05:323"
"DQB1*05:01","DQB1*05:317"
"DQB1*05:01","DQB1*05:315"
"DQB1*05:01","DQB1*05:310"
"DQB1*05:01","DQB1*05:308"
"DQB1*05:01","DQB1*05:307"
"DQB1*05:01","DQB1*05:299"
"DQB1*05:01","DQB1*05:291"
"DQB1*05:01","DQB1*05:290"
"DQB1*05:01","DQB1*05:288"
"DQB1*05:01","DQB1*05:285"
"DQB1*05:01","DQB1*05:283N"
"DQB1*05:01","DQB1*05:279"
"DQB1*05:01","DQB1*05:277"
"DQB1*05:01","DQB1*05:275"
"DQB1*05:01","DQB1*05:272"
"DQB1*05:01","DQB1*05:268"
"DQB1*05:01","DQB1*05:263"
"DQB1*05:01","DQB1*05:256"
"DQB1*05:01","DQB1*05:246"
"DQB1*05:01","DQB1*05:237"
"DQB1*05:01","DQB1*05:234"
"DQB1*05:01","DQB1*05:232"
"DQB1*05:01","DQB1*05:230"
"DQB1*05:01","DQB1*05:226"
"DQB1*05:01","DQB1*05:225"
"DQB1*05:01","DQB1*05:223"
"DQB1*05:01","DQB1*05:219"
"DQB1*05:01","DQB1*05:217"
"DQB1*05:01","DQB1*05:216"
"DQB1*05:01","DQB1*05:197"
"DQB1*05:01","DQB1*05:195"
"DQB1*05:01","DQB1*05:194"
"DQB1*05:01","DQB1*05:193"
"DQB1*05:01","DQB1*05:190"
"DQB1*05:01","DQB1*05:185N"
"DQB1*05:01","DQB1*05:184"
"DQB1*05:01","DQB1*05:183"
"DQB1*05:01","DQB1*05:182"
"DQB1*05:01","DQB1*05:173"
"DQB1*05:01","DQB1*05:164"
"DQB1*05:01","DQB1*05:163"
"DQB1*05:01","DQB1*05:160"
"DQB1*05:01","DQB1*05:159"
"DQB1*05:01","DQB1*05:155"
"DQB1*05:01","DQB1*05:152"
"DQB1*05:01","DQB1*05:150"
"DQB1*05:01","DQB1*05:148"
"DQB1*05:01","DQB1*05:144"
"DQB1*05:01","DQB1*05:139"
"DQB1*05:01","DQB1*05:137"
"DQB1*05:01","DQB1*05:133"
"DQB1*05:01","DQB1*05:107"
"DQB1*05:01","DQB1*05:104"
"DQB1*05:01","DQB1*05:103"
"DQB1*05:01","DQB1*05:84"
"DQB1*05:01","DQB1*05:45"
"DQB1*05:01","DQB1*05:32"
"DQB1*05:01","DQB1*05:31"
"DQB1*05:01","DQB1*05:27"
"DQB1*05:01","DQB1*05:18"
"DQB1*05:01","DQB1*05:01"
"DQB1*05:02","DQB1*05:365N"
"DQB1*05:02","DQB1*05:364"
"DQB1*05:02","DQB1*05:361"
"DQB1*05:02","DQB1*05:339"
"DQB1*05:02","DQB1*05:311"
"DQB1*05:02","DQB1*05:309"
"DQB1*05:02","DQB1*05:287"
"DQB1*05:02","DQB1*05:284"
"DQB1*05:02","DQB1*05:278"
"DQB1*05:02","DQB1*05:257"
"DQB1*05:02","DQB1*05:253"
"DQB1*05:02","DQB1*05:251"
"DQB1*05:02","DQB1*05:250"
"DQB1*05:02","DQB1*05:241"
"DQB1*05:02","DQB1*05:239"
"DQB1*05:02","DQB1*05:231"
"DQB1*05:02","DQB1*05:227"
"DQB1*05:02","DQB1*05:222"
"DQB1*05:02","DQB1*05:199"
"DQB1*05:02","DQB1*05:198"
"DQB1*05:02","DQB1*05:196"
"DQB1*05:02","DQB1*05:192"
"DQB1*05:02","DQB1*05:186"
"DQB1*05:02","DQB1*05:178"
"DQB1*05:02","DQB1*05:174"
"DQB1*05:02","DQB1*05:165"
"DQB1*05:02","DQB1*05:136"
"DQB1*05:02","DQB1*05:106"
"DQB1*05:02","DQB1*05:102"
"DQB1*05:02","DQB1*05:90N"
"DQB1*05:02","DQB1*05:87Q"
"DQB1*05:02","DQB1*05:57"
"DQB1*05:02","DQB1*05:47"
"DQB1*05:02","DQB1*05:46"
"DQB1*05:02","DQB1*05:37"
"DQB1*05:02","DQB1*05:36"
"DQB1*05:02","DQB1*05:35"
"DQB1*05:02","DQB1*05:17"
"DQB1*05:02","DQB1*05:14"
"DQB1*05:02","DQB1*05:02"
"DQB1*05:03","DQB1*05:351"
"DQB1*05:03","DQB1*05:349"
"DQB1*05:03","DQB1*05:346"
"DQB1*05:03","DQB1*05:345"
"DQB1*05:03","DQB1*05:330"
"DQB1*05:03","DQB1*05:329"
"DQB1*05:03","DQB1*05:326"
"DQB1*05:03","DQB1*05:318"
"DQB1*05:03","DQB1*05:314"
"DQB1*05:03","DQB1*05:312"
"DQB1*05:03","DQB1*05:306"
"DQB1*05:03","DQB1*05:305"
"DQB1*05:03","DQB1*05:293"
"DQB1*05:03","DQB1*05:289"
"DQB1*05:03","DQB1*05:282"
"DQB1*05:03","DQB1*05:281"
"DQB1*05:03","DQB1*05:280"
"DQB1*05:03","DQB1*05:265N"
"DQB1*05:03","DQB1*05:264"
"DQB1*05:03","DQB1*05:260"
"DQB1*05:03","DQB1*05:259"
"DQB1*05:03","DQB1*05:221"
"DQB1*05:03","DQB1*05:213"
"DQB1*05:03","DQB1*05:212"
"DQB1*05:03","DQB1*05:211"
"DQB1*05:03","DQB1*05:204"
"DQB1*05:03","DQB1*05:203"
"DQB1*05:03","DQB1*05:202"
"DQB1*05:03","DQB1*05:201"
"DQB1*05:03","DQB1*05:191"
"DQB1*05:03","DQB1*05:161"
"DQB1*05:03","DQB1*05:149"
"DQB1*05:03","DQB1*05:108"
"DQB1*05:03","DQB1*05:96"
"DQB1*05:03","DQB1*05:78"
"DQB1*05:03","DQB1*05:56"
"DQB1*05:03","DQB1*05:42"
"DQB1*05:03","DQB1*05:41N"
"DQB1*05:03","DQB1*05:10"
"DQB1*05:03","DQB1*05:08"
"DQB1*05:03","DQB1*05:03"
"DQB1*05:04","DQB1*05:262"
"DQB1*05:04","DQB1*05:132Q"
"DQB1*05:04","DQB1*05:04"
"DQB1*06:01","DQB1*06:516"
"DQB1*06:01","DQB1*06:513"
"DQB1*06:01","DQB1*06:507N"
"DQB1*06:01","DQB1*06:501"
"DQB1*06:01","DQB1*06:492"
"DQB1*06:01","DQB1*06:472"
"DQB1*06:01","DQB1*06:469"
"DQB1*06:01","DQB1*06:466"
"DQB1*06:01","DQB1*06:421"
"DQB1*06:01","DQB1*06:419"
"DQB1*06:01","DQB1*06:418"
"DQB1*06:01","DQB1*06:382"
"DQB1*06:01","DQB1*06:359"
"DQB1*06:01","DQB1*06:330N"
"DQB1*06:01","DQB1*06:323"
"DQB1*06:01","DQB1*06:310"
"DQB1*06:01","DQB1*06:309"
"DQB1*06:01","DQB1*06:307"
"DQB1*06:01","DQB1*06:285"
"DQB1*06:01","DQB1*06:243"
"DQB1*06:01","DQB1*06:205"
"DQB1*06:01","DQB1*06:108"
"DQB1*06:01","DQB1*06:105"
"DQB1*06:01","DQB1*06:104"
"DQB1*06:01","DQB1*06:103"
"DQB1*06:01","DQB1*06:102N"
"DQB1*06:01","DQB1*06:01"
"DQB1*06:02","DQB1*06:537"
"DQB1*06:02","DQB1*06:536"
"DQB1*06:02","DQB1*06:535"
"DQB1*06:02","DQB1*06:531"
"DQB1*06:02","DQB1*06:517"
"DQB1*06:02","DQB1*06:515"
"DQB1*06:02","DQB1*06:512"
"DQB1*06:02","DQB1*06:499"
"DQB1*06:02","DQB1*06:491N"
"DQB1*06:02","DQB1*06:487"
"DQB1*06:02","DQB1*06:468"
"DQB1*06:02","DQB1*06:461"
"DQB1*06:02","DQB1*06:448"
"DQB1*06:02","DQB1*06:446"
"DQB1*06:02","DQB1*06:445"
"DQB1*06:02","DQB1*06:438"
"DQB1*06:02","DQB1*06:437"
"DQB1*06:02","DQB1*06:422N"
"DQB1*06:02","DQB1*06:416"
"DQB1*06:02","DQB1*06:411"
"DQB1*06:02","DQB1*06:409"
"DQB1*06:02","DQB1*06:406"
"DQB1*06:02","DQB1*06:405"
"DQB1*06:02","DQB1*06:401"
"DQB1*06:02","DQB1*06:397N"
"DQB1*06:02","DQB1*06:395"
"DQB1*06:02","DQB1*06:390"
"DQB1*06:02","DQB1*06:384"
"DQB1*06:02","DQB1*06:380"
"DQB1*06:02","DQB1*06:376"
"DQB1*06:02","DQB1*06:370"
"DQB1*06:02","DQB1*06:366"
"DQB1*06:02","DQB1*06:363"
"DQB1*06:02","DQB1*06:357"
"DQB1*06:02","DQB1*06:356"
"DQB1*06:02","DQB1*06:355"
"DQB1*06:02","DQB1*06:347"
"DQB1*06:02","DQB1*06:344"
"DQB1*06:02","DQB1*06:338"
"DQB1*06:02","DQB1*06:335"
"DQB1*06:02","DQB1*06:333"
"DQB1*06:02","DQB1*06:326"
"DQB1*06:02","DQB1*06:324"
"DQB1*06:02","DQB1*06:317N"
"DQB1*06:02","DQB1*06:315"
"DQB1*06:02","DQB1*06:314"
"DQB1*06:02","DQB1*06:308N"
"DQB1*06:02","DQB1*06:304N"
"DQB1*06:02","DQB1*06:300"
"DQB1*06:02","DQB1*06:298"
"DQB1*06:02","DQB1*06:297"
"DQB1*06:02","DQB1*06:296"
"DQB1*06:02","DQB1*06:295"
"DQB1*06:02","DQB1*06:293"
"DQB1*06:02","DQB1*06:289"
"DQB1*06:02","DQB1*06:286"
"DQB1*06:02","DQB1*06:284"
"DQB1*06:02","DQB1*06:273"
"DQB1*06:02","DQB1*06:262"
"DQB1*06:02","DQB1*06:256"
"DQB1*06:02","DQB1*06:255"
"DQB1*06:02","DQB1*06:240"
"DQB1*06:02","DQB1*06:237"
"DQB1*06:02","DQB1*06:228"
"DQB1*06:02","DQB1*06:227"
"DQB1*06:02","DQB1*06:226"
"DQB1*06:02","DQB1*06:225"
"DQB1*06:02","DQB1*06:224"
"DQB1*06:02","DQB1*06:219"
"DQB1*06:02","DQB1*06:216N"
"DQB1*06:02","DQB1*06:200"
"DQB1*06:02","DQB1*06:188"
"DQB1*06:02","DQB1*06:127"
"DQB1*06:02","DQB1*06:117"
"DQB1*06:02","DQB1*06:116"
"DQB1*06:02","DQB1*06:111"
"DQB1*06:02","DQB1*06:109"
"DQB1*06:02","DQB1*06:84"
"DQB1*06:02","DQB1*06:47"
"DQB1*06:02","DQB1*06:02"
"DQB1*06:03","DQB1*06:529"
"DQB1*06:03","DQB1*06:526"
"DQB1*06:03","DQB1*06:525"
"DQB1*06:03","DQB1*06:522"
"DQB1*06:03","DQB1*06:521"
"DQB1*06:03","DQB1*06:502"
"DQB1*06:03","DQB1*06:500"
"DQB1*06:03","DQB1*06:495"
"DQB1*06:03","DQB1*06:488"
"DQB1*06:03","DQB1*06:481"
"DQB1*06:03","DQB1*06:480"
"DQB1*06:03","DQB1*06:478"
"DQB1*06:03","DQB1*06:474"
"DQB1*06:03","DQB1*06:460"
"DQB1*06:03","DQB1*06:454N"
"DQB1*06:03","DQB1*06:450"
"DQB1*06:03","DQB1*06:428"
"DQB1*06:03","DQB1*06:425"
"DQB1*06:03","DQB1*06:424"
"DQB1*06:03","DQB1*06:410"
"DQB1*06:03","DQB1*06:403"
"DQB1*06:03","DQB1*06:396"
"DQB1*06:03","DQB1*06:394N"
"DQB1*06:03","DQB1*06:392"
"DQB1*06:03","DQB1*06:391"
"DQB1*06:03","DQB1*06:367"
"DQB1*06:03","DQB1*06:352"
"DQB1*06:03","DQB1*06:350"
"DQB1*06:03","DQB1*06:336"
"DQB1*06:03","DQB1*06:334"
"DQB1*06:03","DQB1*06:329"
"DQB1*06:03","DQB1*06:328"
"DQB1*06:03","DQB1*06:327"
"DQB1*06:03","DQB1*06:316"
"DQB1*06:03","DQB1*06:279"
"DQB1*06:03","DQB1*06:272"
"DQB1*06:03","DQB1*06:253"
"DQB1*06:03","DQB1*06:250"
"DQB1*06:03","DQB1*06:223"
"DQB1*06:03","DQB1*06:221"
"DQB1*06:03","DQB1*06:218"
"DQB1*06:03","DQB1*06:187"
"DQB1*06:03","DQB1*06:185"
"DQB1*06:03","DQB1*06:110"
"DQB1*06:03","DQB1*06:44"
"DQB1*06:03","DQB1*06:41"
"DQB1*06:03","DQB1*06:03"
"DQB1*06:04","DQB1*06:532"
"DQB1*06:04","DQB1*06:511"
"DQB1*06:04","DQB1*06:505"
"DQB1*06:04","DQB1*06:498"
"DQB1*06:04","DQB1*06:490"
"DQB1*06:04","DQB1*06:467"
"DQB1*06:04","DQB1*06:458N"
"DQB1*06:04","DQB1*06:434"
"DQB1*06:04","DQB1*06:426"
"DQB1*06:04","DQB1*06:414N"
"DQB1*06:04","DQB1*06:407"
"DQB1*06:04","DQB1*06:387"
"DQB1*06:04","DQB1*06:381"
"DQB1*06:04","DQB1*06:375"
"DQB1*06:04","DQB1*06:369"
"DQB1*06:04","DQB1*06:349"
"DQB1*06:04","DQB1*06:343"
"DQB1*06:04","DQB1*06:291"
"DQB1*06:04","DQB1*06:288"
"DQB1*06:04","DQB1*06:283"
"DQB1*06:04","DQB1*06:280"
"DQB1*06:04","DQB1*06:267"
"DQB1*06:04","DQB1*06:265"
"DQB1*06:04","DQB1*06:254"
"DQB1*06:04","DQB1*06:217"
"DQB1*06:04","DQB1*06:86"
"DQB1*06:04","DQB1*06:52"
"DQB1*06:04","DQB1*06:39"
"DQB1*06:04","DQB1*06:38"
"DQB1*06:04","DQB1*06:36"
"DQB1*06:04","DQB1*06:34"
"DQB1*06:04","DQB1*06:04"
"DQB1*06:08","DQB1*06:455"
"DQB1*06:08","DQB1*06:08"
"DQB1*06:09","DQB1*06:506"
"DQB1*06:09","DQB1*06:496"
"DQB1*06:09","DQB1*06:479"
"DQB1*06:09","DQB1*06:432"
"DQB1*06:09","DQB1*06:358"
"DQB1*06:09","DQB1*06:348"
"DQB1*06:09","DQB1*06:339"
"DQB1*06:09","DQB1*06:299"
"DQB1*06:09","DQB1*06:282"
"DQB1*06:09","DQB1*06:281"
"DQB1*06:09","DQB1*06:189"
"DQB1*06:09","DQB1*06:88"
"DQB1*06:09","DQB1*06:09"
"DQB1*06:10","DQB1*06:483"
"DQB1*06:10","DQB1*06:10"
"DQB1*06:11","DQB1*06:11"
"DQB1*06:18","DQB1*06:523"
"DQB1*06:18","DQB1*06:18"
"DQB1*06:27","DQB1*06:494"
"DQB1*06:27","DQB1*06:27"
"DQB1*06:46","DQB1*06:386"
"DQB1*06:46","DQB1*06:46"
"DQB1*06:99","DQB1*06:99"
"DQB1*02:01","DQB1*02:261"
"DQB1*02:01","DQB1*02:260"
"DQB1*02:01","DQB1*02:259"
"DQB1*02:01","DQB1*02:258"
"DQB1*02:01","DQB1*02:257"
"DQB1*02:01","DQB1*02:256"
"DQB1*02:01","DQB1*02:255"
"DQB1*02:01","DQB1*02:254"
"DQB1*02:01","DQB1*02:253"
"DQB1*02:01","DQB1*02:252"
"DQB1*02:01","DQB1*02:251N"
"DQB1*02:01","DQB1*02:250"
"DQB1*02:01","DQB1*02:248"
"DQB1*02:01","DQB1*02:247"
"DQB1*02:01","DQB1*02:246"
"DQB1*02:01","DQB1*02:244"
"DQB1*02:01","DQB1*02:242"
"DQB1*02:01","DQB1*02:240"
"DQB1*02:01","DQB1*02:238"
"DQB1*02:01","DQB1*02:236"
"DQB1*02:01","DQB1*02:235"
"DQB1*02:01","DQB1*02:233"
"DQB1*02:01","DQB1*02:232"
"DQB1*02:01","DQB1*02:231"
"DQB1*02:01","DQB1*02:230N"
"DQB1*02:01","DQB1*02:229"
"DQB1*02:01","DQB1*02:228"
"DQB1*02:01","DQB1*02:225Q"
"DQB1*02:01","DQB1*02:224"
"DQB1*02:01","DQB1*02:216"
"DQB1*02:01","DQB1*02:215"
"DQB1*02:01","DQB1*02:214N"
"DQB1*02:01","DQB1*02:213"
"DQB1*02:01","DQB1*02:210"
"DQB1*02:01","DQB1*02:209"
"DQB1*02:01","DQB1*02:208"
"DQB1*02:01","DQB1*02:207"
"DQB1*02:01","DQB1*02:206N"
"DQB1*02:01","DQB1*02:205"
"DQB1*02:01","DQB1*02:203"
"DQB1*02:01","DQB1*02:202"
"DQB1*02:01","DQB1*02:200"
"DQB1*02:01","DQB1*02:199"
"DQB1*02:01","DQB1*02:198"
"DQB1*02:01","DQB1*02:195"
"DQB1*02:01","DQB1*02:193"
"DQB1*02:01","DQB1*02:192"
"DQB1*02:01","DQB1*02:190"
"DQB1*02:01","DQB1*02:189"
"DQB1*02:01","DQB1*02:187"
"DQB1*02:01","DQB1*02:186"
"DQB1*02:01","DQB1*02:185"
"DQB1*02:01","DQB1*02:184"
"DQB1*02:01","DQB1*02:182"
"DQB1*02:01","DQB1*02:179"
"DQB1*02:01","DQB1*02:178"
"DQB1*02:01","DQB1*02:176N"
"DQB1*02:01","DQB1*02:175"
"DQB1*02:01","DQB1*02:170"
"DQB1*02:01","DQB1*02:169"
"DQB1*02:01","DQB1*02:165"
"DQB1*02:01","DQB1*02:163N"
"DQB1*02:01","DQB1*02:160"
"DQB1*02:01","DQB1*02:159"
"DQB1*02:01","DQB1*02:158"
"DQB1*02:01","DQB1*02:157"
"DQB1*02:01","DQB1*02:156"
"DQB1*02:01","DQB1*02:155"
"DQB1*02:01","DQB1*02:154"
"DQB1*02:01","DQB1*02:148"
"DQB1*02:01","DQB1*02:146"
"DQB1*02:01","DQB1*02:145"
"DQB1*02:01","DQB1*02:144"
"DQB1*02:01","DQB1*02:143"
"DQB1*02:01","DQB1*02:142"
"DQB1*02:01","DQB1*02:138"
"DQB1*02:01","DQB1*02:137"
"DQB1*02:01","DQB1*02:136"
"DQB1*02:01","DQB1*02:133"
"DQB1*02:01","DQB1*02:131"
"DQB1*02:01","DQB1*02:128"
"DQB1*02:01","DQB1*02:127"
"DQB1*02:01","DQB1*02:126"
"DQB1*02:01","DQB1*02:125"
"DQB1*02:01","DQB1*02:122"
"DQB1*02:01","DQB1*02:121"
"DQB1*02:01","DQB1*02:120"
"DQB1*02:01","DQB1*02:119"
"DQB1*02:01","DQB1*02:118"
"DQB1*02:01","DQB1*02:114"
"DQB1*02:01","DQB1*02:112"
"DQB1*02:01","DQB1*02:111"
"DQB1*02:01","DQB1*02:110"
"DQB1*02:01","DQB1*02:109"
"DQB1*02:01","DQB1*02:108"
"DQB1*02:01","DQB1*02:107"
"DQB1*02:01","DQB1*02:106"
"DQB1*02:01","DQB1*02:105"
"DQB1*02:01","DQB1*02:102"
"DQB1*02:01","DQB1*02:99"
"DQB1*02:01","DQB1*02:98"
"DQB1*02:01","DQB1*02:97"
"DQB1*02:01","DQB1*02:96N"
"DQB1*02:01","DQB1*02:89"
"DQB1*02:01","DQB1*02:82"
"DQB1*02:01","DQB1*02:81"
"DQB1*02:01","DQB1*02:80"
"DQB1*02:01","DQB1*02:79"
"DQB1*02:01","DQB1*02:64"
"DQB1*02:01","DQB1*02:59"
"DQB1*02:01","DQB1*02:48"
"DQB1*02:01","DQB1*02:10"
"DQB1*02:01","DQB1*02:09"
"DQB1*02:01","DQB1*02:06"
"DQB1*02:01","DQB1*02:04"
"DQB1*02:01","DQB1*02:02"
"DQB1*02:01","DQB1*02:01"
"DQB1*02:14","DQB1*02:14"
"DQB1*02:20","DQB1*02:20"
"DQB1*02:57","DQB1*02:141"
"DQB1*02:57","DQB1*02:57"
"DQB1*02:135","DQB1*02:150"
"DQB1*02:135","DQB1*02:135"
"DQB1*02:180","DQB1*02:180"
"DQB1*02:218","DQB1*02:234"
"DQB1*02:218","DQB1*02:218"
"DQB1*03:01","DQB1*03:585"
"DQB1*03:01","DQB1*03:584"
"DQB1*03:01","DQB1*03:582"
"DQB1*03:01","DQB1*03:579"
"DQB1*03:01","DQB1*03:577"
"DQB1*03:01","DQB1*03:573"
"DQB1*03:01","DQB1*03:571"
"DQB1*03:01","DQB1*03:569"
"DQB1*03:01","DQB1*03:564Q"
"DQB1*03:01","DQB1*03:563"
"DQB1*03:01","DQB1*03:562"
"DQB1*03:01","DQB1*03:557"
"DQB1*03:01","DQB1*03:556"
"DQB1*03:01","DQB1*03:555"
"DQB1*03:01","DQB1*03:553"
"DQB1*03:01","DQB1*03:550"
"DQB1*03:01","DQB1*03:546"
"DQB1*03:01","DQB1*03:544"
"DQB1*03:01","DQB1*03:542N"
"DQB1*03:01","DQB1*03:539"
"DQB1*03:01","DQB1*03:538"
"DQB1*03:01","DQB1*03:537"
"DQB1*03:01","DQB1*03:530"
"DQB1*03:01","DQB1*03:529"
"DQB1*03:01","DQB1*03:528"
"DQB1*03:01","DQB1*03:527"
"DQB1*03:01","DQB1*03:526"
"DQB1*03:01","DQB1*03:520"
"DQB1*03:01","DQB1*03:519"
"DQB1*03:01","DQB1*03:514"
"DQB1*03:01","DQB1*03:508"
"DQB1*03:01","DQB1*03:506"
"DQB1*03:01","DQB1*03:497"
"DQB1*03:01","DQB1*03:496"
"DQB1*03:01","DQB1*03:486"
"DQB1*03:01","DQB1*03:485"
"DQB1*03:01","DQB1*03:483"
"DQB1*03:01","DQB1*03:482"
"DQB1*03:01","DQB1*03:480Q"
"DQB1*03:01","DQB1*03:472"
"DQB1*03:01","DQB1*03:470"
"DQB1*03:01","DQB1*03:469"
"DQB1*03:01","DQB1*03:468"
"DQB1*03:01","DQB1*03:467"
"DQB1*03:01","DQB1*03:465"
"DQB1*03:01","DQB1*03:460"
"DQB1*03:01","DQB1*03:458"
"DQB1*03:01","DQB1*03:454"
"DQB1*03:01","DQB1*03:451"
"DQB1*03:01","DQB1*03:448"
"DQB1*03:01","DQB1*03:439"
"DQB1*03:01","DQB1*03:434"
"DQB1*03:01","DQB1*03:432"
"DQB1*03:01","DQB1*03:431"
"DQB1*03:01","DQB1*03:428"
"DQB1*03:01","DQB1*03:426"
"DQB1*03:01","DQB1*03:420"
"DQB1*03:01","DQB1*03:419"
"DQB1*03:01","DQB1*03:404"
"DQB1*03:01","DQB1*03:401"
"DQB1*03:01","DQB1*03:400N"
"DQB1*03:01","DQB1*03:396"
"DQB1*03:01","DQB1*03:394"
"DQB1*03:01","DQB1*03:385N"
"DQB1*03:01","DQB1*03:381"
"DQB1*03:01","DQB1*03:378"
"DQB1*03:01","DQB1*03:377"
"DQB1*03:01","DQB1*03:376N"
"DQB1*03:01","DQB1*03:373"
"DQB1*03:01","DQB1*03:370"
"DQB1*03:01","DQB1*03:360"
"DQB1*03:01","DQB1*03:358N"
"DQB1*03:01","DQB1*03:350"
"DQB1*03:01","DQB1*03:347"
"DQB1*03:01","DQB1*03:342"
"DQB1*03:01","DQB1*03:340N"
"DQB1*03:01","DQB1*03:338N"
"DQB1*03:01","DQB1*03:331"
"DQB1*03:01","DQB1*03:330"
"DQB1*03:01","DQB1*03:329"
"DQB1*03:01","DQB1*03:328"
"DQB1*03:01","DQB1*03:326"
"DQB1*03:01","DQB1*03:317"
"DQB1*03:01","DQB1*03:312"
"DQB1*03:01","DQB1*03:309"
"DQB1*03:01","DQB1*03:302"
"DQB1*03:01","DQB1*03:297"
"DQB1*03:01","DQB1*03:294"
"DQB1*03:01","DQB1*03:293"
"DQB1*03:01","DQB1*03:292"
"DQB1*03:01","DQB1*03:290"
"DQB1*03:01","DQB1*03:288"
"DQB1*03:01","DQB1*03:286"
"DQB1*03:01","DQB1*03:285"
"DQB1*03:01","DQB1*03:284"
"DQB1*03:01","DQB1*03:281"
"DQB1*03:01","DQB1*03:276N"
"DQB1*03:01","DQB1*03:266"
"DQB1*03:01","DQB1*03:264"
"DQB1*03:01","DQB1*03:253"
"DQB1*03:01","DQB1*03:246"
"DQB1*03:01","DQB1*03:243"
"DQB1*03:01","DQB1*03:241"
"DQB1*03:01","DQB1*03:206"
"DQB1*03:01","DQB1*03:198"
"DQB1*03:01","DQB1*03:196"
"DQB1*03:01","DQB1*03:191"
"DQB1*03:01","DQB1*03:182"
"DQB1*03:01","DQB1*03:169"
"DQB1*03:01","DQB1*03:165"
"DQB1*03:01","DQB1*03:164"
"DQB1*03:01","DQB1*03:116"
"DQB1*03:01","DQB1*03:115"
"DQB1*03:01","DQB1*03:94"
"DQB1*03:01","DQB1*03:84N"
"DQB1*03:01","DQB1*03:51"
"DQB1*03:01","DQB1*03:50"
"DQB1*03:01","DQB1*03:49"
"DQB1*03:01","DQB1*03:42"
"DQB1*03:01","DQB1*03:35"
"DQB1*03:01","DQB1*03:29"
"DQB1*03:01","DQB1*03:24"
"DQB1*03:01","DQB1*03:22"
"DQB1*03:01","DQB1*03:21"
"DQB1*03:01","DQB1*03:19"
"DQB1*03:01","DQB1*03:09"
"DQB1*03:01","DQB1*03:01"
"DQB1*03:02","DQB1*03:580"
"DQB1*03:02","DQB1*03:570"
"DQB1*03:02","DQB1*03:567"
"DQB1*03:02","DQB1*03:561"
"DQB1*03:02","DQB1*03:559"
"DQB1*03:02","DQB1*03:558"
"DQB1*03:02","DQB1*03:554"
"DQB1*03:02","DQB1*03:547"
"DQB1*03:02","DQB1*03:543"
"DQB1*03:02","DQB1*03:540"
"DQB1*03:02","DQB1*03:535"
"DQB1*03:02","DQB1*03:533"
"DQB1*03:02","DQB1*03:525"
"DQB1*03:02","DQB1*03:517"
"DQB1*03:02","DQB1*03:515"
"DQB1*03:02","DQB1*03:502"
"DQB1*03:02","DQB1*03:501"
"DQB1*03:02","DQB1*03:495"
"DQB1*03:02","DQB1*03:493"
"DQB1*03:02","DQB1*03:484"
"DQB1*03:02","DQB1*03:481"
"DQB1*03:02","DQB1*03:471"
"DQB1*03:02","DQB1*03:466"
"DQB1*03:02","DQB1*03:464"
"DQB1*03:02","DQB1*03:463"
"DQB1*03:02","DQB1*03:459"
"DQB1*03:02","DQB1*03:457"
"DQB1*03:02","DQB1*03:452"
"DQB1*03:02","DQB1*03:447"
"DQB1*03:02","DQB1*03:446"
"DQB1*03:02","DQB1*03:442"
"DQB1*03:02","DQB1*03:429"
"DQB1*03:02","DQB1*03:422N"
"DQB1*03:02","DQB1*03:416"
"DQB1*03:02","DQB1*03:415"
"DQB1*03:02","DQB1*03:410"
"DQB1*03:02","DQB1*03:409"
"DQB1*03:02","DQB1*03:403N"
"DQB1*03:02","DQB1*03:392"
"DQB1*03:02","DQB1*03:386"
"DQB1*03:02","DQB1*03:383"
"DQB1*03:02","DQB1*03:379"
"DQB1*03:02","DQB1*03:369"
"DQB1*03:02","DQB1*03:368"
"DQB1*03:02","DQB1*03:364"
"DQB1*03:02","DQB1*03:349"
"DQB1*03:02","DQB1*03:348"
"DQB1*03:02","DQB1*03:345"
"DQB1*03:02","DQB1*03:343"
"DQB1*03:02","DQB1*03:324"
"DQB1*03:02","DQB1*03:321"
"DQB1*03:02","DQB1*03:315"
"DQB1*03:02","DQB1*03:310N"
"DQB1*03:02","DQB1*03:298"
"DQB1*03:02","DQB1*03:296"
"DQB1*03:02","DQB1*03:295"
"DQB1*03:02","DQB1*03:289"
"DQB1*03:02","DQB1*03:287"
"DQB1*03:02","DQB1*03:265"
"DQB1*03:02","DQB1*03:263"
"DQB1*03:02","DQB1*03:251"
"DQB1*03:02","DQB1*03:247"
"DQB1*03:02","DQB1*03:245"
"DQB1*03:02","DQB1*03:190"
"DQB1*03:02","DQB1*03:85"
"DQB1*03:02","DQB1*03:32"
"DQB1*03:02","DQB1*03:02"
"DQB1*03:03","DQB1*03:568"
"DQB1*03:03","DQB1*03:536"
"DQB1*03:03","DQB1*03:521"
"DQB1*03:03","DQB1*03:518"
"DQB1*03:03","DQB1*03:509N"
"DQB1*03:03","DQB1*03:507"
"DQB1*03:03","DQB1*03:505"
"DQB1*03:03","DQB1*03:487"
"DQB1*03:03","DQB1*03:478"
"DQB1*03:03","DQB1*03:477"
"DQB1*03:03","DQB1*03:461"
"DQB1*03:03","DQB1*03:453"
"DQB1*03:03","DQB1*03:445"
"DQB1*03:03","DQB1*03:414"
"DQB1*03:03","DQB1*03:406"
"DQB1*03:03","DQB1*03:405"
"DQB1*03:03","DQB1*03:402"
"DQB1*03:03","DQB1*03:398"
"DQB1*03:03","DQB1*03:397"
"DQB1*03:03","DQB1*03:395"
"DQB1*03:03","DQB1*03:393"
"DQB1*03:03","DQB1*03:384"
"DQB1*03:03","DQB1*03:375N"
"DQB1*03:03","DQB1*03:365"
"DQB1*03:03","DQB1*03:319"
"DQB1*03:03","DQB1*03:316"
"DQB1*03:03","DQB1*03:249"
"DQB1*03:03","DQB1*03:248"
"DQB1*03:03","DQB1*03:222"
"DQB1*03:03","DQB1*03:117"
"DQB1*03:03","DQB1*03:98"
"DQB1*03:03","DQB1*03:97"
"DQB1*03:03","DQB1*03:96"
"DQB1*03:03","DQB1*03:91Q"
"DQB1*03:03","DQB1*03:89"
"DQB1*03:03","DQB1*03:88"
"DQB1*03:03","DQB1*03:87"
"DQB1*03:03","DQB1*03:79"
"DQB1*03:03","DQB1*03:43"
"DQB1*03:03","DQB1*03:39"
"DQB1*03:03","DQB1*03:33"
"DQB1*03:03","DQB1*03:31"
"DQB1*03:03","DQB1*03:03"
"DQB1*03:04","DQB1*03:549"
"DQB1*03:04","DQB1*03:318"
"DQB1*03:04","DQB1*03:04"
"DQB1*03:05","DQB1*03:346"
"DQB1*03:05","DQB1*03:181"
"DQB1*03:05","DQB1*03:05"
"DQB1*03:10","DQB1*03:195"
"DQB1*03:10","DQB1*03:10"
"DQB1*03:38","DQB1*03:510"
"DQB1*03:38","DQB1*03:38"
"DQB1*03:113","DQB1*03:382"
"DQB1*03:113","DQB1*03:113"
"DQB1*03:126","DQB1*03:523"
"DQB1*03:126","DQB1*03:126"
"DQB1*03:361","DQB1*03:361"
"DQB1*03:488","DQB1*03:488"
"DQB1*04:01","DQB1*04:106"
"DQB1*04:01","DQB1*04:95"
"DQB1*04:01","DQB1*04:94"
"DQB1*04:01","DQB1*04:92"
"DQB1*04:01","DQB1*04:71"
"DQB1*04:01","DQB1*04:62"
"DQB1*04:01","DQB1*04:42"
"DQB1*04:01","DQB1*04:17"
"DQB1*04:01","DQB1*04:08"
"DQB1*04:01","DQB1*04:07"
"DQB1*04:01","DQB1*04:01"
"DQB1*04:02","DQB1*04:109"
"DQB1*04:02","DQB1*04:105"
"DQB1*04:02","DQB1*04:103"
"DQB1*04:02","DQB1*04:102"
"DQB1*04:02","DQB1*04:100"
"DQB1*04:02","DQB1*04:99"
"DQB1*04:02","DQB1*04:97"
"DQB1*04:02","DQB1*04:96"
"DQB1*04:02","DQB1*04:88"
"DQB1*04:02","DQB1*04:87"
"DQB1*04:02","DQB1*04:86"
"DQB1*04:02","DQB1*04:85"
"DQB1*04:02","DQB1*04:83"
"DQB1*04:02","DQB1*04:82"
"DQB1*04:02","DQB1*04:81"
"DQB1*04:02","DQB1*04:80"
"DQB1*04:02","DQB1*04:78"
"DQB1*04:02","DQB1*04:77"
"DQB1*04:02","DQB1*04:72"
"DQB1*04:02","DQB1*04:70"
"DQB1*04:02","DQB1*04:68N"
"DQB1*04:02","DQB1*04:66"
"DQB1*04:02","DQB1*04:65"
"DQB1*04:02","DQB1*04:60"
"DQB1*04:02","DQB1*04:59N"
"DQB1*04:02","DQB1*04:57"
"DQB1*04:02","DQB1*04:56"
"DQB1*04:02","DQB1*04:55"
"DQB1*04:02","DQB1*04:54"
"DQB1*04:02","DQB1*04:52"
"DQB1*04:02","DQB1*04:51"
"DQB1*04:02","DQB1*04:46N"
"DQB1*04:02","DQB1*04:45"
"DQB1*04:02","DQB1*04:44"
"DQB1*04:02","DQB1*04:43"
"DQB1*04:02","DQB1*04:41N"
"DQB1*04:02","DQB1*04:39"
"DQB1*04:02","DQB1*04:23"
"DQB1*04:02","DQB1*04:13"
"DQB1*04:02","DQB1*04:02"
"DPA1*01:03","DPA1*01:238Q"
"DPA1*01:03","DPA1*01:236N"
"DPA1*01:03","DPA1*01:234"
"DPA1*01:03","DPA1*01:233"
"DPA1*01:03","DPA1*01:232"
"DPA1*01:03","DPA1*01:231"
"DPA1*01:03","DPA1*01:229"
"DPA1*01:03","DPA1*01:225"
"DPA1*01:03","DPA1*01:224"
"DPA1*01:03","DPA1*01:222"
"DPA1*01:03","DPA1*01:221"
"DPA1*01:03","DPA1*01:220"
"DPA1*01:03","DPA1*01:219N"
"DPA1*01:03","DPA1*01:218"
"DPA1*01:03","DPA1*01:216"
"DPA1*01:03","DPA1*01:215"
"DPA1*01:03","DPA1*01:213"
"DPA1*01:03","DPA1*01:212"
"DPA1*01:03","DPA1*01:211"
"DPA1*01:03","DPA1*01:209"
"DPA1*01:03","DPA1*01:208"
"DPA1*01:03","DPA1*01:205"
"DPA1*01:03","DPA1*01:204"
"DPA1*01:03","DPA1*01:203"
"DPA1*01:03","DPA1*01:202"
"DPA1*01:03","DPA1*01:201"
"DPA1*01:03","DPA1*01:200"
"DPA1*01:03","DPA1*01:198"
"DPA1*01:03","DPA1*01:196"
"DPA1*01:03","DPA1*01:195"
"DPA1*01:03","DPA1*01:194"
"DPA1*01:03","DPA1*01:193"
"DPA1*01:03","DPA1*01:192"
"DPA1*01:03","DPA1*01:191"
"DPA1*01:03","DPA1*01:190"
"DPA1*01:03","DPA1*01:188"
"DPA1*01:03","DPA1*01:187"
"DPA1*01:03","DPA1*01:185"
"DPA1*01:03","DPA1*01:184"
"DPA1*01:03","DPA1*01:183"
"DPA1*01:03","DPA1*01:182"
"DPA1*01:03","DPA1*01:174"
"DPA1*01:03","DPA1*01:171Q"
"DPA1*01:03","DPA1*01:170"
"DPA1*01:03","DPA1*01:169"
"DPA1*01:03","DPA1*01:168N"
"DPA1*01:03","DPA1*01:167"
"DPA1*01:03","DPA1*01:166"
"DPA1*01:03","DPA1*01:165"
"DPA1*01:03","DPA1*01:164"
"DPA1*01:03","DPA1*01:159"
"DPA1*01:03","DPA1*01:157"
"DPA1*01:03","DPA1*01:156"
"DPA1*01:03","DPA1*01:155"
"DPA1*01:03","DPA1*01:153"
"DPA1*01:03","DPA1*01:152"
"DPA1*01:03","DPA1*01:150"
"DPA1*01:03","DPA1*01:148"
"DPA1*01:03","DPA1*01:144"
"DPA1*01:03","DPA1*01:143"
"DPA1*01:03","DPA1*01:142"
"DPA1*01:03","DPA1*01:140"
"DPA1*01:03","DPA1*01:139"
"DPA1*01:03","DPA1*01:138"
"DPA1*01:03","DPA1*01:137N"
"DPA1*01:03","DPA1*01:136"
"DPA1*01:03","DPA1*01:134"
"DPA1*01:03","DPA1*01:132"
"DPA1*01:03","DPA1*01:130"
"DPA1*01:03","DPA1*01:129"
"DPA1*01:03","DPA1*01:128"
"DPA1*01:03","DPA1*01:127"
"DPA1*01:03","DPA1*01:115"
"DPA1*01:03","DPA1*01:107"
"DPA1*01:03","DPA1*01:106"
"DPA1*01:03","DPA1*01:105"
"DPA1*01:03","DPA1*01:104"
"DPA1*01:03","DPA1*01:102"
"DPA1*01:03","DPA1*01:99"
"DPA1*01:03","DPA1*01:96"
"DPA1*01:03","DPA1*01:95"
"DPA1*01:03","DPA1*01:91"
"DPA1*01:03","DPA1*01:90"
"DPA1*01:03","DPA1*01:89"
"DPA1*01:03","DPA1*01:88"
"DPA1*01:03","DPA1*01:87Q"
"DPA1*01:03","DPA1*01:86"
"DPA1*01:03","DPA1*01:85"
"DPA1*01:03","DPA1*01:82"
"DPA1*01:03","DPA1*01:81"
"DPA1*01:03","DPA1*01:80"
"DPA1*01:03","DPA1*01:77"
"DPA1*01:03","DPA1*01:74"
"DPA1*01:03","DPA1*01:68"
"DPA1*01:03","DPA1*01:65"
"DPA1*01:03","DPA1*01:63"
"DPA1*01:03","DPA1*01:61"
"DPA1*01:03","DPA1*01:60"
"DPA1*01:03","DPA1*01:59"
"DPA1*01:03","DPA1*01:56"
"DPA1*01:03","DPA1*01:55N"
"DPA1*01:03","DPA1*01:49"
"DPA1*01:03","DPA1*01:48"
"DPA1*01:03","DPA1*01:45"
"DPA1*01:03","DPA1*01:44"
"DPA1*01:03","DPA1*01:43"
"DPA1*01:03","DPA1*01:38"
"DPA1*01:03","DPA1*01:37"
"DPA1*01:03","DPA1*01:36"
"DPA1*01:03","DPA1*01:34"
"DPA1*01:03","DPA1*01:33"
"DPA1*01:03","DPA1*01:30"
"DPA1*01:03","DPA1*01:29N"
"DPA1*01:03","DPA1*01:28"
"DPA1*01:03","DPA1*01:25"
"DPA1*01:03","DPA1*01:19"
"DPA1*01:03","DPA1*01:18"
"DPA1*01:03","DPA1*01:17"
"DPA1*01:03","DPA1*01:14"
"DPA1*01:03","DPA1*01:03"
"DPA1*01:04","DPA1*01:151"
"DPA1*01:04","DPA1*01:04"
"DPA1*01:05","DPA1*01:58"
"DPA1*01:05","DPA1*01:05"
"DPA1*01:12","DPA1*01:223Q"
"DPA1*01:12","DPA1*01:12"
"DPA1*01:42","DPA1*01:42"
"DPA1*01:114","DPA1*01:147N"
"DPA1*01:114","DPA1*01:114N"
"DPA1*02:01","DPA1*02:159"
"DPA1*02:01","DPA1*02:157"
"DPA1*02:01","DPA1*02:156"
"DPA1*02:01","DPA1*02:155"
"DPA1*02:01","DPA1*02:153"
"DPA1*02:01","DPA1*02:145"
"DPA1*02:01","DPA1*02:139"
"DPA1*02:01","DPA1*02:138"
"DPA1*02:01","DPA1*02:136"
"DPA1*02:01","DPA1*02:132"
"DPA1*02:01","DPA1*02:129"
"DPA1*02:01","DPA1*02:125"
"DPA1*02:01","DPA1*02:121"
"DPA1*02:01","DPA1*02:119"
"DPA1*02:01","DPA1*02:118"
"DPA1*02:01","DPA1*02:116"
"DPA1*02:01","DPA1*02:115"
"DPA1*02:01","DPA1*02:110"
"DPA1*02:01","DPA1*02:109"
"DPA1*02:01","DPA1*02:101"
"DPA1*02:01","DPA1*02:97"
"DPA1*02:01","DPA1*02:93"
"DPA1*02:01","DPA1*02:86"
"DPA1*02:01","DPA1*02:82"
"DPA1*02:01","DPA1*02:78"
"DPA1*02:01","DPA1*02:77"
"DPA1*02:01","DPA1*02:70"
"DPA1*02:01","DPA1*02:69"
"DPA1*02:01","DPA1*02:59"
"DPA1*02:01","DPA1*02:53"
"DPA1*02:01","DPA1*02:49"
"DPA1*02:01","DPA1*02:40"
"DPA1*02:01","DPA1*02:39"
"DPA1*02:01","DPA1*02:36"
"DPA1*02:01","DPA1*02:34"
"DPA1*02:01","DPA1*02:32N"
"DPA1*02:01","DPA1*02:31"
"DPA1*02:01","DPA1*02:29"
"DPA1*02:01","DPA1*02:26"
"DPA1*02:01","DPA1*02:24"
"DPA1*02:01","DPA1*02:18"
"DPA1*02:01","DPA1*02:16"
"DPA1*02:01","DPA1*02:13N"
"DPA1*02:01","DPA1*02:08"
"DPA1*02:01","DPA1*02:01"
"DPA1*02:01","DPA1*02:104"
"DPA1*02:01","DPA1*02:37"
"DPA1*02:01","DPA1*02:147N"
"DPA1*02:01","DPA1*02:60"
"DPA1*02:02","DPA1*02:162"
"DPA1*02:02","DPA1*02:154"
"DPA1*02:02","DPA1*02:151"
"DPA1*02:02","DPA1*02:149"
"DPA1*02:02","DPA1*02:144"
"DPA1*02:02","DPA1*02:143"
"DPA1*02:02","DPA1*02:141"
"DPA1*02:02","DPA1*02:140N"
"DPA1*02:02","DPA1*02:131"
"DPA1*02:02","DPA1*02:128"
"DPA1*02:02","DPA1*02:127"
"DPA1*02:02","DPA1*02:113"
"DPA1*02:02","DPA1*02:103"
"DPA1*02:02","DPA1*02:96"
"DPA1*02:02","DPA1*02:92"
"DPA1*02:02","DPA1*02:89"
"DPA1*02:02","DPA1*02:85"
"DPA1*02:02","DPA1*02:83"
"DPA1*02:02","DPA1*02:81"
"DPA1*02:02","DPA1*02:72"
"DPA1*02:02","DPA1*02:64Q"
"DPA1*02:02","DPA1*02:62"
"DPA1*02:02","DPA1*02:51"
"DPA1*02:02","DPA1*02:48"
"DPA1*02:02","DPA1*02:44"
"DPA1*02:02","DPA1*02:42"
"DPA1*02:02","DPA1*02:41N"
"DPA1*02:02","DPA1*02:38Q"
"DPA1*02:02","DPA1*02:35"
"DPA1*02:02","DPA1*02:33"
"DPA1*02:02","DPA1*02:30"
"DPA1*02:02","DPA1*02:25"
"DPA1*02:02","DPA1*02:15"
"DPA1*02:02","DPA1*02:14"
"DPA1*02:02","DPA1*02:12"
"DPA1*02:02","DPA1*02:10"
"DPA1*02:02","DPA1*02:07"
"DPA1*02:02","DPA1*02:06"
"DPA1*02:02","DPA1*02:02"
"DPA1*02:03","DPA1*02:03"
"DPA1*02:07","DPA1*02:158"
"DPA1*02:07","DPA1*02:73"
"DPA1*02:07","DPA1*02:12"
"DPA1*02:07","DPA1*02:07"
"DPA1*02:09","DPA1*02:163"
"DPA1*02:09","DPA1*02:09"
"DPA1*02:21","DPA1*02:21"
"DPA1*02:21","DPA1*02:50"
"DPA1*02:27","DPA1*02:160"
"DPA1*02:27","DPA1*02:27"
"DPA1*02:45","DPA1*02:45"
"DPA1*02:54","DPA1*02:67"
"DPA1*02:54","DPA1*02:54"
"DPA1*03:01","DPA1*03:22"
"DPA1*03:01","DPA1*03:21"
"DPA1*03:01","DPA1*03:18"
"DPA1*03:01","DPA1*03:17"
"DPA1*03:01","DPA1*03:14"
"DPA1*03:01","DPA1*03:13"
"DPA1*03:01","DPA1*03:11N"
"DPA1*03:01","DPA1*03:09"
"DPA1*03:01","DPA1*03:05"
"DPA1*03:01","DPA1*03:01"
"DPA1*03:02","DPA1*03:20Q"
"DPA1*03:02","DPA1*03:02"
"DPA1*03:07","DPA1*03:15"
"DPA1*03:07","DPA1*03:07"
"DPA1*04:01","DPA1*04:08"
"DPA1*04:01","DPA1*04:07"
"DPA1*04:01","DPA1*04:04"
"DPA1*04:01","DPA1*04:03"
"DPA1*04:01","DPA1*04:02"
"DPA1*04:01","DPA1*04:01"
"DPB1*01:01","DPB1*1795:01"
"DPB1*01:01","DPB1*1749:01"
"DPB1*01:01","DPB1*1627:01"
"DPB1*01:01","DPB1*1626:01Q"
"DPB1*01:01","DPB1*1615:01"
"DPB1*01:01","DPB1*1611:01"
"DPB1*01:01","DPB1*1606:01"
"DPB1*01:01","DPB1*1582:01"
"DPB1*01:01","DPB1*1579:01"
"DPB1*01:01","DPB1*1570:01"
"DPB1*01:01","DPB1*1566:01"
"DPB1*01:01","DPB1*1561:01"
"DPB1*01:01","DPB1*1529:01"
"DPB1*01:01","DPB1*1506:01"
"DPB1*01:01","DPB1*1484:01"
"DPB1*01:01","DPB1*1443:01"
"DPB1*01:01","DPB1*1406:01"
"DPB1*01:01","DPB1*1392:01"
"DPB1*01:01","DPB1*1361:01"
"DPB1*01:01","DPB1*1332:01N"
"DPB1*01:01","DPB1*1325:01N"
"DPB1*01:01","DPB1*1314:01"
"DPB1*01:01","DPB1*1287:01"
"DPB1*01:01","DPB1*1256:01N"
"DPB1*01:01","DPB1*1183:01"
"DPB1*01:01","DPB1*1162:01"
"DPB1*01:01","DPB1*1151:01"
"DPB1*01:01","DPB1*1076:01"
"DPB1*01:01","DPB1*1068:01"
"DPB1*01:01","DPB1*1050:01"
"DPB1*01:01","DPB1*1038:01Q"
"DPB1*01:01","DPB1*1024:01"
"DPB1*01:01","DPB1*999:01"
"DPB1*01:01","DPB1*998:01"
"DPB1*01:01","DPB1*979:01"
"DPB1*01:01","DPB1*953:01"
"DPB1*01:01","DPB1*862:01N"
"DPB1*01:01","DPB1*810:01"
"DPB1*01:01","DPB1*807:01"
"DPB1*01:01","DPB1*800:01N"
"DPB1*01:01","DPB1*733:01"
"DPB1*01:01","DPB1*616:01"
"DPB1*01:01","DPB1*462:01"
"DPB1*01:01","DPB1*417:01"
"DPB1*01:01","DPB1*162:01"
"DPB1*01:01","DPB1*01:01"
"DPB1*01:01","DPB1*1598:01"
"DPB1*01:01","DPB1*931:01"
"DPB1*01:01","DPB1*866:01N"
"DPB1*01:01","DPB1*853:01"
"DPB1*02:01","DPB1*1792:01N"
"DPB1*02:01","DPB1*1789:01"
"DPB1*02:01","DPB1*1786:01N"
"DPB1*02:01","DPB1*1763:01"
"DPB1*02:01","DPB1*1759:01"
"DPB1*02:01","DPB1*1726:01"
"DPB1*02:01","DPB1*1723:01"
"DPB1*02:01","DPB1*1710:01"
"DPB1*02:01","DPB1*1701:01"
"DPB1*02:01","DPB1*1694:01"
"DPB1*02:01","DPB1*1687:01"
"DPB1*02:01","DPB1*1686:01N"
"DPB1*02:01","DPB1*1684:01"
"DPB1*02:01","DPB1*1676:01"
"DPB1*02:01","DPB1*1672:01"
"DPB1*02:01","DPB1*1661:01N"
"DPB1*02:01","DPB1*1632:01"
"DPB1*02:01","DPB1*1631:01"
"DPB1*02:01","DPB1*1621:01"
"DPB1*02:01","DPB1*1607:01N"
"DPB1*02:01","DPB1*1528:01"
"DPB1*02:01","DPB1*1463:01N"
"DPB1*02:01","DPB1*1456:01"
"DPB1*02:01","DPB1*1430:01N"
"DPB1*02:01","DPB1*1419:01"
"DPB1*02:01","DPB1*1417:01"
"DPB1*02:01","DPB1*1405:01"
"DPB1*02:01","DPB1*1372:01"
"DPB1*02:01","DPB1*1369:01"
"DPB1*02:01","DPB1*1363:01"
"DPB1*02:01","DPB1*1360:01"
"DPB1*02:01","DPB1*1352:01"
"DPB1*02:01","DPB1*1344:01"
"DPB1*02:01","DPB1*1326:01"
"DPB1*02:01","DPB1*1323:01"
"DPB1*02:01","DPB1*1320:01"
"DPB1*02:01","DPB1*1315:01"
"DPB1*02:01","DPB1*1312:01"
"DPB1*02:01","DPB1*1307:01"
"DPB1*02:01","DPB1*1298:01"
"DPB1*02:01","DPB1*1290:01"
"DPB1*02:01","DPB1*1266:01"
"DPB1*02:01","DPB1*1248:01"
"DPB1*02:01","DPB1*1243:01"
"DPB1*02:01","DPB1*1227:01"
"DPB1*02:01","DPB1*1198:01"
"DPB1*02:01","DPB1*1175:01"
"DPB1*02:01","DPB1*1160:01"
"DPB1*02:01","DPB1*1115:01"
"DPB1*02:01","DPB1*1102:01"
"DPB1*02:01","DPB1*1094:01"
"DPB1*02:01","DPB1*1082:01"
"DPB1*02:01","DPB1*1077:01"
"DPB1*02:01","DPB1*1055:01"
"DPB1*02:01","DPB1*1051:01"
"DPB1*02:01","DPB1*1036:01"
"DPB1*02:01","DPB1*975:01"
"DPB1*02:01","DPB1*967:01"
"DPB1*02:01","DPB1*955:01"
"DPB1*02:01","DPB1*894:01N"
"DPB1*02:01","DPB1*861:01"
"DPB1*02:01","DPB1*857:01"
"DPB1*02:01","DPB1*845:01"
"DPB1*02:01","DPB1*819:01"
"DPB1*02:01","DPB1*799:01"
"DPB1*02:01","DPB1*786:01"
"DPB1*02:01","DPB1*783:01"
"DPB1*02:01","DPB1*723:01"
"DPB1*02:01","DPB1*700:01N"
"DPB1*02:01","DPB1*678:01"
"DPB1*02:01","DPB1*640:01"
"DPB1*02:01","DPB1*617:01"
"DPB1*02:01","DPB1*461:01"
"DPB1*02:01","DPB1*416:01"
"DPB1*02:01","DPB1*414:01"
"DPB1*02:01","DPB1*352:01"
"DPB1*02:01","DPB1*141:01"
"DPB1*02:01","DPB1*02:01"
"DPB1*02:02","DPB1*1750:01"
"DPB1*02:02","DPB1*1641:01"
"DPB1*02:02","DPB1*1498:01"
"DPB1*02:02","DPB1*1437:01"
"DPB1*02:02","DPB1*1376:01"
"DPB1*02:02","DPB1*1188:01"
"DPB1*02:02","DPB1*766:01"
"DPB1*02:02","DPB1*721:01"
"DPB1*02:02","DPB1*547:01"
"DPB1*02:02","DPB1*02:02"
"DPB1*03:01","DPB1*1808:01N"
"DPB1*03:01","DPB1*1798:01"
"DPB1*03:01","DPB1*1793:01"
"DPB1*03:01","DPB1*1781:01"
"DPB1*03:01","DPB1*1719:01"
"DPB1*03:01","DPB1*1714:01"
"DPB1*03:01","DPB1*1708:01"
"DPB1*03:01","DPB1*1667:01N"
"DPB1*03:01","DPB1*1649:01"
"DPB1*03:01","DPB1*1634:01"
"DPB1*03:01","DPB1*1630:01"
"DPB1*03:01","DPB1*1616:01"
"DPB1*03:01","DPB1*1613:01"
"DPB1*03:01","DPB1*1610:01"
"DPB1*03:01","DPB1*1571:01"
"DPB1*03:01","DPB1*1560:01"
"DPB1*03:01","DPB1*1542:01N"
"DPB1*03:01","DPB1*1537:01"
"DPB1*03:01","DPB1*1494:01"
"DPB1*03:01","DPB1*1487:01N"
"DPB1*03:01","DPB1*1429:01"
"DPB1*03:01","DPB1*1407:01"
"DPB1*03:01","DPB1*1401:01"
"DPB1*03:01","DPB1*1388:01"
"DPB1*03:01","DPB1*1382:01"
"DPB1*03:01","DPB1*1295:01"
"DPB1*03:01","DPB1*1269:01N"
"DPB1*03:01","DPB1*1263:01"
"DPB1*03:01","DPB1*1254:01"
"DPB1*03:01","DPB1*1246:01"
"DPB1*03:01","DPB1*1245:01"
"DPB1*03:01","DPB1*1202:01N"
"DPB1*03:01","DPB1*1157:01"
"DPB1*03:01","DPB1*1134:01"
"DPB1*03:01","DPB1*1114:01"
"DPB1*03:01","DPB1*1098:01N"
"DPB1*03:01","DPB1*1049:01"
"DPB1*03:01","DPB1*1021:01"
"DPB1*03:01","DPB1*1014:01"
"DPB1*03:01","DPB1*1000:01"
"DPB1*03:01","DPB1*952:01"
"DPB1*03:01","DPB1*950:01N"
"DPB1*03:01","DPB1*948:01"
"DPB1*03:01","DPB1*946:01"
"DPB1*03:01","DPB1*938:01"
"DPB1*03:01","DPB1*876:01N"
"DPB1*03:01","DPB1*855:01"
"DPB1*03:01","DPB1*829:01"
"DPB1*03:01","DPB1*792:01N"
"DPB1*03:01","DPB1*728:01"
"DPB1*03:01","DPB1*706:01"
"DPB1*03:01","DPB1*704:01"
"DPB1*03:01","DPB1*676:01"
"DPB1*03:01","DPB1*675:01"
"DPB1*03:01","DPB1*669:01"
"DPB1*03:01","DPB1*351:01"
"DPB1*03:01","DPB1*124:01"
"DPB1*03:01","DPB1*104:01"
"DPB1*03:01","DPB1*03:01"
"DPB1*04:01","DPB1*1797:01"
"DPB1*04:01","DPB1*1794:01"
"DPB1*04:01","DPB1*1776:01"
"DPB1*04:01","DPB1*1775:01N"
"DPB1*04:01","DPB1*1774:01"
"DPB1*04:01","DPB1*1768:01"
"DPB1*04:01","DPB1*1748:01"
"DPB1*04:01","DPB1*1729:01"
"DPB1*04:01","DPB1*1728:01N"
"DPB1*04:01","DPB1*1721:01"
"DPB1*04:01","DPB1*1718:01"
"DPB1*04:01","DPB1*1716:01"
"DPB1*04:01","DPB1*1711:01"
"DPB1*04:01","DPB1*1707:01"
"DPB1*04:01","DPB1*1700:01"
"DPB1*04:01","DPB1*1699:01"
"DPB1*04:01","DPB1*1697:01"
"DPB1*04:01","DPB1*1693:01"
"DPB1*04:01","DPB1*1683:01"
"DPB1*04:01","DPB1*1682:01"
"DPB1*04:01","DPB1*1681:01"
"DPB1*04:01","DPB1*1680:01"
"DPB1*04:01","DPB1*1678:01"
"DPB1*04:01","DPB1*1677:01"
"DPB1*04:01","DPB1*1669:01"
"DPB1*04:01","DPB1*1646:01"
"DPB1*04:01","DPB1*1628:01"
"DPB1*04:01","DPB1*1625:01"
"DPB1*04:01","DPB1*1608:01"
"DPB1*04:01","DPB1*1602:01"
"DPB1*04:01","DPB1*1600:01"
"DPB1*04:01","DPB1*1569:01"
"DPB1*04:01","DPB1*1548:01N"
"DPB1*04:01","DPB1*1541:01"
"DPB1*04:01","DPB1*1513:01"
"DPB1*04:01","DPB1*1510:01"
"DPB1*04:01","DPB1*1476:01"
"DPB1*04:01","DPB1*1472:01"
"DPB1*04:01","DPB1*1465:01"
"DPB1*04:01","DPB1*1459:01"
"DPB1*04:01","DPB1*1450:01"
"DPB1*04:01","DPB1*1446:01"
"DPB1*04:01","DPB1*1444:01Q"
"DPB1*04:01","DPB1*1436:01"
"DPB1*04:01","DPB1*1416:01N"
"DPB1*04:01","DPB1*1415:01N"
"DPB1*04:01","DPB1*1413:01"
"DPB1*04:01","DPB1*1412:01"
"DPB1*04:01","DPB1*1409:01"
"DPB1*04:01","DPB1*1391:01"
"DPB1*04:01","DPB1*1390:01"
"DPB1*04:01","DPB1*1387:01"
"DPB1*04:01","DPB1*1379:01"
"DPB1*04:01","DPB1*1377:01"
"DPB1*04:01","DPB1*1374:01"
"DPB1*04:01","DPB1*1362:01"
"DPB1*04:01","DPB1*1345:01"
"DPB1*04:01","DPB1*1328:01"
"DPB1*04:01","DPB1*1327:01"
"DPB1*04:01","DPB1*1322:01"
"DPB1*04:01","DPB1*1321:01"
"DPB1*04:01","DPB1*1317:01Q"
"DPB1*04:01","DPB1*1316:01"
"DPB1*04:01","DPB1*1308:01"
"DPB1*04:01","DPB1*1304:01"
"DPB1*04:01","DPB1*1300:01"
"DPB1*04:01","DPB1*1297:01"
"DPB1*04:01","DPB1*1284:01"
"DPB1*04:01","DPB1*1275:01N"
"DPB1*04:01","DPB1*1271:01"
"DPB1*04:01","DPB1*1268:01"
"DPB1*04:01","DPB1*1249:01"
"DPB1*04:01","DPB1*1244:01"
"DPB1*04:01","DPB1*1242:01"
"DPB1*04:01","DPB1*1241:01"
"DPB1*04:01","DPB1*1238:01"
"DPB1*04:01","DPB1*1237:01"
"DPB1*04:01","DPB1*1231:01"
"DPB1*04:01","DPB1*1226:01"
"DPB1*04:01","DPB1*1225:01"
"DPB1*04:01","DPB1*1217:01"
"DPB1*04:01","DPB1*1207:01"
"DPB1*04:01","DPB1*1206:01"
"DPB1*04:01","DPB1*1196:01"
"DPB1*04:01","DPB1*1184:01"
"DPB1*04:01","DPB1*1181:01"
"DPB1*04:01","DPB1*1173:01"
"DPB1*04:01","DPB1*1164:01"
"DPB1*04:01","DPB1*1161:01"
"DPB1*04:01","DPB1*1155:01"
"DPB1*04:01","DPB1*1152:01"
"DPB1*04:01","DPB1*1148:01Q"
"DPB1*04:01","DPB1*1146:01"
"DPB1*04:01","DPB1*1144:01"
"DPB1*04:01","DPB1*1132:01"
"DPB1*04:01","DPB1*1129:01"
"DPB1*04:01","DPB1*1112:01N"
"DPB1*04:01","DPB1*1100:01"
"DPB1*04:01","DPB1*1091:01"
"DPB1*04:01","DPB1*1074:01"
"DPB1*04:01","DPB1*1033:01"
"DPB1*04:01","DPB1*1023:01"
"DPB1*04:01","DPB1*1011:01"
"DPB1*04:01","DPB1*1010:01"
"DPB1*04:01","DPB1*1004:01"
"DPB1*04:01","DPB1*1003:01"
"DPB1*04:01","DPB1*1002:01"
"DPB1*04:01","DPB1*1001:01"
"DPB1*04:01","DPB1*997:01"
"DPB1*04:01","DPB1*992:01"
"DPB1*04:01","DPB1*989:01"
"DPB1*04:01","DPB1*988:01"
"DPB1*04:01","DPB1*978:01"
"DPB1*04:01","DPB1*974:01N"
"DPB1*04:01","DPB1*939:01"
"DPB1*04:01","DPB1*932:01"
"DPB1*04:01","DPB1*926:01"
"DPB1*04:01","DPB1*882:01"
"DPB1*04:01","DPB1*880:01"
"DPB1*04:01","DPB1*878:01N"
"DPB1*04:01","DPB1*859:01"
"DPB1*04:01","DPB1*850:01"
"DPB1*04:01","DPB1*849:01"
"DPB1*04:01","DPB1*826:01"
"DPB1*04:01","DPB1*824:01"
"DPB1*04:01","DPB1*820:01"
"DPB1*04:01","DPB1*813:01"
"DPB1*04:01","DPB1*804:01"
"DPB1*04:01","DPB1*784:01"
"DPB1*04:01","DPB1*767:01"
"DPB1*04:01","DPB1*765:01"
"DPB1*04:01","DPB1*757:01"
"DPB1*04:01","DPB1*756:01N"
"DPB1*04:01","DPB1*755:01"
"DPB1*04:01","DPB1*754:01N"
"DPB1*04:01","DPB1*702:01"
"DPB1*04:01","DPB1*699:01"
"DPB1*04:01","DPB1*670:01"
"DPB1*04:01","DPB1*618:01"
"DPB1*04:01","DPB1*615:01"
"DPB1*04:01","DPB1*534:01"
"DPB1*04:01","DPB1*464:01"
"DPB1*04:01","DPB1*459:01"
"DPB1*04:01","DPB1*415:01"
"DPB1*04:01","DPB1*350:01"
"DPB1*04:01","DPB1*126:01"
"DPB1*04:01","DPB1*04:01"
"DPB1*04:02","DPB1*1809:01Q"
"DPB1*04:02","DPB1*1756:01"
"DPB1*04:02","DPB1*1744:01"
"DPB1*04:02","DPB1*1731:01"
"DPB1*04:02","DPB1*1715:01"
"DPB1*04:02","DPB1*1713:01N"
"DPB1*04:02","DPB1*1685:01"
"DPB1*04:02","DPB1*1679:01"
"DPB1*04:02","DPB1*1675:01"
"DPB1*04:02","DPB1*1674:01"
"DPB1*04:02","DPB1*1671:01"
"DPB1*04:02","DPB1*1663:01N"
"DPB1*04:02","DPB1*1640:01"
"DPB1*04:02","DPB1*1619:01"
"DPB1*04:02","DPB1*1540:01"
"DPB1*04:02","DPB1*1523:01"
"DPB1*04:02","DPB1*1485:01"
"DPB1*04:02","DPB1*1482:01N"
"DPB1*04:02","DPB1*1460:01"
"DPB1*04:02","DPB1*1425:01"
"DPB1*04:02","DPB1*1424:01"
"DPB1*04:02","DPB1*1404:01"
"DPB1*04:02","DPB1*1380:01"
"DPB1*04:02","DPB1*1375:01N"
"DPB1*04:02","DPB1*1346:01"
"DPB1*04:02","DPB1*1331:01"
"DPB1*04:02","DPB1*1283:01"
"DPB1*04:02","DPB1*1270:01"
"DPB1*04:02","DPB1*1267:01"
"DPB1*04:02","DPB1*1239:01"
"DPB1*04:02","DPB1*1235:01"
"DPB1*04:02","DPB1*1197:01"
"DPB1*04:02","DPB1*1194:01"
"DPB1*04:02","DPB1*1171:01"
"DPB1*04:02","DPB1*1153:01"
"DPB1*04:02","DPB1*1124:01"
"DPB1*04:02","DPB1*1085:01"
"DPB1*04:02","DPB1*1083:01"
"DPB1*04:02","DPB1*1075:01"
"DPB1*04:02","DPB1*1072:01"
"DPB1*04:02","DPB1*1037:01"
"DPB1*04:02","DPB1*1035:01"
"DPB1*04:02","DPB1*1031:01"
"DPB1*04:02","DPB1*1025:01"
"DPB1*04:02","DPB1*1020:01"
"DPB1*04:02","DPB1*1013:01"
"DPB1*04:02","DPB1*1005:01"
"DPB1*04:02","DPB1*985:01N"
"DPB1*04:02","DPB1*981:01"
"DPB1*04:02","DPB1*958:01"
"DPB1*04:02","DPB1*954:01"
"DPB1*04:02","DPB1*933:01"
"DPB1*04:02","DPB1*927:01"
"DPB1*04:02","DPB1*925:01N"
"DPB1*04:02","DPB1*881:01"
"DPB1*04:02","DPB1*858:01"
"DPB1*04:02","DPB1*823:01"
"DPB1*04:02","DPB1*818:01"
"DPB1*04:02","DPB1*809:01"
"DPB1*04:02","DPB1*777:01N"
"DPB1*04:02","DPB1*763:01"
"DPB1*04:02","DPB1*735:01"
"DPB1*04:02","DPB1*734:01"
"DPB1*04:02","DPB1*731:01"
"DPB1*04:02","DPB1*730:01"
"DPB1*04:02","DPB1*726:01"
"DPB1*04:02","DPB1*725:01"
"DPB1*04:02","DPB1*724:01N"
"DPB1*04:02","DPB1*701:01"
"DPB1*04:02","DPB1*665:01"
"DPB1*04:02","DPB1*647:01"
"DPB1*04:02","DPB1*571:01"
"DPB1*04:02","DPB1*463:01"
"DPB1*04:02","DPB1*105:01"
"DPB1*04:02","DPB1*04:02"
"DPB1*05:01","DPB1*1818:01"
"DPB1*05:01","DPB1*1805:01"
"DPB1*05:01","DPB1*1799:01"
"DPB1*05:01","DPB1*1773:01"
"DPB1*05:01","DPB1*1758:01"
"DPB1*05:01","DPB1*1656:01"
"DPB1*05:01","DPB1*1620:01"
"DPB1*05:01","DPB1*1603:01"
"DPB1*05:01","DPB1*1601:01"
"DPB1*05:01","DPB1*1567:01"
"DPB1*05:01","DPB1*1511:01"
"DPB1*05:01","DPB1*1500:01N"
"DPB1*05:01","DPB1*1497:01"
"DPB1*05:01","DPB1*1473:01"
"DPB1*05:01","DPB1*1462:01"
"DPB1*05:01","DPB1*1457:01"
"DPB1*05:01","DPB1*1455:01N"
"DPB1*05:01","DPB1*1438:01"
"DPB1*05:01","DPB1*1318:01"
"DPB1*05:01","DPB1*1289:01"
"DPB1*05:01","DPB1*1273:01"
"DPB1*05:01","DPB1*1213:01"
"DPB1*05:01","DPB1*1199:01"
"DPB1*05:01","DPB1*1172:01"
"DPB1*05:01","DPB1*1143:01"
"DPB1*05:01","DPB1*1120:01"
"DPB1*05:01","DPB1*1119:01"
"DPB1*05:01","DPB1*1118:01"
"DPB1*05:01","DPB1*1117:01"
"DPB1*05:01","DPB1*1018:01"
"DPB1*05:01","DPB1*1015:01"
"DPB1*05:01","DPB1*951:01"
"DPB1*05:01","DPB1*923:01"
"DPB1*05:01","DPB1*860:01"
"DPB1*05:01","DPB1*851:01"
"DPB1*05:01","DPB1*848:01"
"DPB1*05:01","DPB1*847:01"
"DPB1*05:01","DPB1*790:01"
"DPB1*05:01","DPB1*764:01"
"DPB1*05:01","DPB1*744:01"
"DPB1*05:01","DPB1*729:01"
"DPB1*05:01","DPB1*668:01"
"DPB1*05:01","DPB1*135:01"
"DPB1*05:01","DPB1*05:01"
"DPB1*06:01","DPB1*1698:01"
"DPB1*06:01","DPB1*1471:01"
"DPB1*06:01","DPB1*1259:01"
"DPB1*06:01","DPB1*1111:01"
"DPB1*06:01","DPB1*1087:01"
"DPB1*06:01","DPB1*1022:01"
"DPB1*06:01","DPB1*914:01"
"DPB1*06:01","DPB1*906:01"
"DPB1*06:01","DPB1*737:01"
"DPB1*06:01","DPB1*06:01"
"DPB1*08:01","DPB1*1558:01"
"DPB1*08:01","DPB1*1543:01"
"DPB1*08:01","DPB1*08:01"
"DPB1*09:01","DPB1*1553:01"
"DPB1*09:01","DPB1*1378:01"
"DPB1*09:01","DPB1*1313:01"
"DPB1*09:01","DPB1*1303:01"
"DPB1*09:01","DPB1*1258:01"
"DPB1*09:01","DPB1*1149:01"
"DPB1*09:01","DPB1*899:01"
"DPB1*09:01","DPB1*797:01"
"DPB1*09:01","DPB1*09:01"
"DPB1*10:01","DPB1*1559:01"
"DPB1*10:01","DPB1*1470:01"
"DPB1*10:01","DPB1*1261:01"
"DPB1*10:01","DPB1*1126:01"
"DPB1*10:01","DPB1*902:01"
"DPB1*10:01","DPB1*673:01"
"DPB1*10:01","DPB1*650:01"
"DPB1*10:01","DPB1*10:01"
"DPB1*11:01","DPB1*1735:01"
"DPB1*11:01","DPB1*1581:01N"
"DPB1*11:01","DPB1*1568:01"
"DPB1*11:01","DPB1*1364:01N"
"DPB1*11:01","DPB1*1063:01"
"DPB1*11:01","DPB1*937:01"
"DPB1*11:01","DPB1*907:01"
"DPB1*11:01","DPB1*732:01N"
"DPB1*11:01","DPB1*707:01"
"DPB1*11:01","DPB1*672:01"
"DPB1*11:01","DPB1*654:01"
"DPB1*11:01","DPB1*649:01"
"DPB1*11:01","DPB1*11:01"
"DPB1*13:01","DPB1*1804:01"
"DPB1*13:01","DPB1*1745:01"
"DPB1*13:01","DPB1*1730:01"
"DPB1*13:01","DPB1*1689:01"
"DPB1*13:01","DPB1*1643:01"
"DPB1*13:01","DPB1*1629:01"
"DPB1*13:01","DPB1*1623:01"
"DPB1*13:01","DPB1*1583:01"
"DPB1*13:01","DPB1*1525:01"
"DPB1*13:01","DPB1*1519:01"
"DPB1*13:01","DPB1*1512:01N"
"DPB1*13:01","DPB1*1489:01"
"DPB1*13:01","DPB1*1451:01"
"DPB1*13:01","DPB1*1294:01"
"DPB1*13:01","DPB1*1260:01N"
"DPB1*13:01","DPB1*1232:01"
"DPB1*13:01","DPB1*1185:01"
"DPB1*13:01","DPB1*1131:01"
"DPB1*13:01","DPB1*1123:01"
"DPB1*13:01","DPB1*1105:01"
"DPB1*13:01","DPB1*1069:01"
"DPB1*13:01","DPB1*1065:01"
"DPB1*13:01","DPB1*996:01"
"DPB1*13:01","DPB1*947:01"
"DPB1*13:01","DPB1*924:01"
"DPB1*13:01","DPB1*888:01"
"DPB1*13:01","DPB1*519:01"
"DPB1*13:01","DPB1*518:01"
"DPB1*13:01","DPB1*133:01"
"DPB1*13:01","DPB1*107:01"
"DPB1*13:01","DPB1*13:01"
"DPB1*14:01","DPB1*1817:01"
"DPB1*14:01","DPB1*1783:01"
"DPB1*14:01","DPB1*1761:01"
"DPB1*14:01","DPB1*1688:01"
"DPB1*14:01","DPB1*1653:01"
"DPB1*14:01","DPB1*1636:01"
"DPB1*14:01","DPB1*1622:01Q"
"DPB1*14:01","DPB1*1604:01"
"DPB1*14:01","DPB1*1580:01"
"DPB1*14:01","DPB1*1551:01"
"DPB1*14:01","DPB1*1439:01N"
"DPB1*14:01","DPB1*1414:01"
"DPB1*14:01","DPB1*1395:01"
"DPB1*14:01","DPB1*1384:01"
"DPB1*14:01","DPB1*1354:01"
"DPB1*14:01","DPB1*1348:01"
"DPB1*14:01","DPB1*1187:01"
"DPB1*14:01","DPB1*986:01N"
"DPB1*14:01","DPB1*949:01"
"DPB1*14:01","DPB1*854:01"
"DPB1*14:01","DPB1*834:01"
"DPB1*14:01","DPB1*794:01N"
"DPB1*14:01","DPB1*705:01"
"DPB1*14:01","DPB1*671:01"
"DPB1*14:01","DPB1*651:01"
"DPB1*14:01","DPB1*572:01"
"DPB1*14:01","DPB1*498:01"
"DPB1*14:01","DPB1*14:01"
"DPB1*15:01","DPB1*1499:01"
"DPB1*15:01","DPB1*1434:01"
"DPB1*15:01","DPB1*1336:01"
"DPB1*15:01","DPB1*1250:01"
"DPB1*15:01","DPB1*1192:01"
"DPB1*15:01","DPB1*1054:01"
"DPB1*15:01","DPB1*910:01"
"DPB1*15:01","DPB1*896:01"
"DPB1*15:01","DPB1*585:01"
"DPB1*15:01","DPB1*15:01"
"DPB1*16:01","DPB1*1802:01"
"DPB1*16:01","DPB1*1386:01"
"DPB1*16:01","DPB1*968:01"
"DPB1*16:01","DPB1*940:01"
"DPB1*16:01","DPB1*886:01"
"DPB1*16:01","DPB1*864:01"
"DPB1*16:01","DPB1*653:01"
"DPB1*16:01","DPB1*652:01"
"DPB1*16:01","DPB1*16:01"
"DPB1*17:01","DPB1*1690:01"
"DPB1*17:01","DPB1*1555:01"
"DPB1*17:01","DPB1*1475:01"
"DPB1*17:01","DPB1*1440:01N"
"DPB1*17:01","DPB1*1435:01"
"DPB1*17:01","DPB1*1431:01"
"DPB1*17:01","DPB1*1397:01"
"DPB1*17:01","DPB1*1394:01"
"DPB1*17:01","DPB1*1367:01"
"DPB1*17:01","DPB1*1265:01"
"DPB1*17:01","DPB1*1233:01"
"DPB1*17:01","DPB1*1052:01"
"DPB1*17:01","DPB1*1032:01"
"DPB1*17:01","DPB1*956:01"
"DPB1*17:01","DPB1*846:01"
"DPB1*17:01","DPB1*460:01"
"DPB1*17:01","DPB1*168:01"
"DPB1*17:01","DPB1*131:01"
"DPB1*17:01","DPB1*17:01"
"DPB1*18:01","DPB1*1796:01"
"DPB1*18:01","DPB1*1727:01"
"DPB1*18:01","DPB1*1618:01"
"DPB1*18:01","DPB1*1165:01"
"DPB1*18:01","DPB1*942:01"
"DPB1*18:01","DPB1*897:01"
"DPB1*18:01","DPB1*18:01"
"DPB1*19:01","DPB1*1673:01"
"DPB1*19:01","DPB1*1534:01"
"DPB1*19:01","DPB1*1282:01"
"DPB1*19:01","DPB1*1255:01"
"DPB1*19:01","DPB1*1101:01"
"DPB1*19:01","DPB1*965:01"
"DPB1*19:01","DPB1*785:01"
"DPB1*19:01","DPB1*535:01"
"DPB1*19:01","DPB1*533:01"
"DPB1*19:01","DPB1*106:01"
"DPB1*19:01","DPB1*19:01"
"DPB1*20:01","DPB1*1737:01"
"DPB1*20:01","DPB1*1426:01"
"DPB1*20:01","DPB1*1389:01"
"DPB1*20:01","DPB1*905:01"
"DPB1*20:01","DPB1*20:01"
"DPB1*21:01","DPB1*1190:01"
"DPB1*21:01","DPB1*1186:01"
"DPB1*21:01","DPB1*1019:01"
"DPB1*21:01","DPB1*21:01"
"DPB1*22:01","DPB1*1026:01"
"DPB1*22:01","DPB1*22:01"
"DPB1*23:01","DPB1*138:01"
"DPB1*23:01","DPB1*23:01"
"DPB1*25:01","DPB1*1469:01"
"DPB1*25:01","DPB1*25:01"
"DPB1*26:01","DPB1*1088:01"
"DPB1*26:01","DPB1*26:01"
"DPB1*27:01","DPB1*1736:01"
"DPB1*27:01","DPB1*27:01"
"DPB1*28:01","DPB1*1654:01"
"DPB1*28:01","DPB1*1324:01"
"DPB1*28:01","DPB1*1286:01"
"DPB1*28:01","DPB1*296:01"
"DPB1*28:01","DPB1*28:01"
"DPB1*29:01","DPB1*909:01"
"DPB1*29:01","DPB1*29:01"
"DPB1*30:01","DPB1*1722:01"
"DPB1*30:01","DPB1*30:01"
"DPB1*31:01","DPB1*945:01"
"DPB1*31:01","DPB1*31:01"
"DPB1*33:01","DPB1*33:01"
"DPB1*34:01","DPB1*913:01"
"DPB1*34:01","DPB1*835:01"
"DPB1*34:01","DPB1*34:01"
"DPB1*36:01","DPB1*1508:01"
"DPB1*36:01","DPB1*36:01"
"DPB1*38:01","DPB1*1099:01"
"DPB1*38:01","DPB1*38:01"
"DPB1*39:01","DPB1*584:01"
"DPB1*39:01","DPB1*39:01"
"DPB1*40:01","DPB1*1819:01"
"DPB1*40:01","DPB1*745:01"
"DPB1*40:01","DPB1*40:01"
"DPB1*41:01","DPB1*41:01"
"DPB1*45:01","DPB1*832:01"
"DPB1*45:01","DPB1*45:01"
"DPB1*46:01","DPB1*46:01"
"DPB1*47:01","DPB1*47:01"
"DPB1*48:01","DPB1*1544:01"
"DPB1*48:01","DPB1*48:01"
"DPB1*49:01","DPB1*1591:01"
"DPB1*49:01","DPB1*49:01"
"DPB1*51:01","DPB1*736:01"
"DPB1*51:01","DPB1*51:01"
"DPB1*54:01","DPB1*1596:01"
"DPB1*54:01","DPB1*54:01"
"DPB1*55:01","DPB1*1353:01"
"DPB1*55:01","DPB1*55:01"
"DPB1*57:01","DPB1*1532:01"
"DPB1*57:01","DPB1*648:01"
"DPB1*57:01","DPB1*57:01"
"DPB1*59:01","DPB1*782:01"
"DPB1*59:01","DPB1*59:01"
"DPB1*66:01","DPB1*66:01"
"DPB1*68:01","DPB1*1562:01"
"DPB1*68:01","DPB1*1536:01"
"DPB1*68:01","DPB1*68:01"
"DPB1*69:01","DPB1*69:01"
"DPB1*72:01","DPB1*72:01"
"DPB1*75:01","DPB1*1821:01"
"DPB1*75:01","DPB1*75:01"
"DPB1*80:01","DPB1*762:01"
"DPB1*80:01","DPB1*80:01"
"DPB1*81:01","DPB1*1383:01"
"DPB1*81:01","DPB1*81:01"
"DPB1*85:01","DPB1*1496:01"
"DPB1*85:01","DPB1*1441:01"
"DPB1*85:01","DPB1*1034:01"
"DPB1*85:01","DPB1*901:01"
"DPB1*85:01","DPB1*713:01"
"DPB1*85:01","DPB1*85:01"
"DPB1*88:01","DPB1*1432:01"
"DPB1*88:01","DPB1*88:01"
"DPB1*90:01","DPB1*1012:01"
"DPB1*90:01","DPB1*90:01"
"DPB1*91:01","DPB1*91:01"
"DPB1*92:01","DPB1*1816:01"
"DPB1*92:01","DPB1*1539:01"
"DPB1*92:01","DPB1*92:01"
"DPB1*100:01","DPB1*1493:01"
"DPB1*100:01","DPB1*1483:01"
"DPB1*100:01","DPB1*100:01"
"DPB1*108:01","DPB1*1546:01"
"DPB1*108:01","DPB1*108:01"
"DPB1*112:01","DPB1*112:01"
"DPB1*113:01","DPB1*1557:01"
"DPB1*113:01","DPB1*113:01"
"DPB1*129:01","DPB1*1754:01"
"DPB1*129:01","DPB1*129:01"
"DPB1*130:01","DPB1*1524:01"
"DPB1*130:01","DPB1*1211:01"
"DPB1*130:01","DPB1*130:01"
"DPB1*132:01","DPB1*1027:01"
"DPB1*132:01","DPB1*132:01"
"DPB1*137:01","DPB1*791:01"
"DPB1*137:01","DPB1*137:01"
"DPB1*152:01","DPB1*944:01"
"DPB1*152:01","DPB1*152:01"
"DPB1*158:01","DPB1*1554:01"
"DPB1*158:01","DPB1*158:01"
"DPB1*173:01","DPB1*173:01"
"DPB1*184:01","DPB1*1655:01"
"DPB1*184:01","DPB1*1224:01"
"DPB1*184:01","DPB1*184:01"
"DPB1*189:01","DPB1*189:01"
"DPB1*214:01","DPB1*214:01"
"DPB1*215:01","DPB1*215:01"
"DPB1*233:01","DPB1*1428:01"
"DPB1*233:01","DPB1*233:01"
"DPB1*246:01","DPB1*1814:01"
"DPB1*246:01","DPB1*246:01"
"DPB1*259:01","DPB1*1614:01"
"DPB1*259:01","DPB1*259:01"
"DPB1*271:01","DPB1*1547:01"
"DPB1*271:01","DPB1*1507:01"
"DPB1*271:01","DPB1*271:01"
"DPB1*301:01","DPB1*301:01"
"DPB1*358:01","DPB1*1549:01"
"DPB1*358:01","DPB1*358:01"
"DPB1*398:01","DPB1*922:01"
"DPB1*398:01","DPB1*398:01"
"DPB1*413:01","DPB1*1556:01"
"DPB1*413:01","DPB1*413:01"
"DPB1*558:01","DPB1*1587:01"
"DPB1*558:01","DPB1*558:01"
"DPB1*806:01","DPB1*806:01"
"DPB1*879:01","DPB1*879:01"
"DPB1*1096:01","DPB1*1133:01"
"DPB1*1096:01","DPB1*1096:01"
"DPB1*1229:01","DPB1*1516:01"
"DPB1*1229:01","DPB1*1492:01"
"DPB1*1229:01","DPB1*1229:01"
"DPB1*1349:01","DPB1*1597:01"
"DPB1*1349:01","DPB1*1349:01"
"DPB1*1371:01","DPB1*1445:01"
"DPB1*1371:01","DPB1*1371:01"
"DPB1*1765:01","DPB1*1765:01"
"DMA*01:01","DMA*01:10"
"DMA*01:01","DMA*01:09"
"DMA*01:01","DMA*01:08"
"DMA*01:01","DMA*01:05"
"DMA*01:01","DMA*01:04"
"DMA*01:01","DMA*01:03"
"DMA*01:01","DMA*01:02"
"DMA*01:01","DMA*01:01"
"DMB*01:01","DMB*01:08"
"DMB*01:01","DMB*01:05"
"DMB*01:01","DMB*01:04"
"DMB*01:01","DMB*01:03"
"DMB*01:01","DMB*01:02"
"DMB*01:01","DMB*01:01"
"DMB*01:07","DMB*01:07"
"DOA*01:01","DOA*01:17"
"DOA*01:01","DOA*01:13"
"DOA*01:01","DOA*01:07"
"DOA*01:01","DOA*01:05"
"DOA*01:01","DOA*01:01"
"DOA*01:01","DOA*01:15"
"DOA*01:01","DOA*01:14"
"DOA*01:01","DOA*01:11"
"DOA*01:01","DOA*01:10"
"DOA*01:01","DOA*01:08"
"DOA*01:01","DOA*01:06"
"DOA*01:02","DOA*01:02"
"DOB*01:01","DOB*01:18N"
"DOB*01:01","DOB*01:17"
"DOB*01:01","DOB*01:15"
"DOB*01:01","DOB*01:14"
"DOB*01:01","DOB*01:13"
"DOB*01:01","DOB*01:12"
"DOB*01:01","DOB*01:10"
"DOB*01:01","DOB*01:06"
"DOB*01:01","DOB*01:05"
"DOB*01:01","DOB*01:04"
"DOB*01:01","DOB*01:03"
"DOB*01:01","DOB*01:02"
"DOB*01:01","DOB*01:01"
"DOB*01:01","DOB*01:19"
